Perturb_ModelPred,Perturb_PredValue,Expected_ModelPred,Expected_PredValue,sex,age,age_cat,race,juv_fel_count,juv_misd_count,juv_other_count,priors_count,c_charge_degree,TC
[0.6831870079040527],1,[0.7183248996734619],1,Male,18,25 - 45,Other,0,0,0,1,M,PerturbTC0
[0.6577827334403992],1,[0.7183248996734619],1,Female,18,25 - 45,Other,0,0,0,1,M,PerturbTC0
[0.741004467010498],1,[0.7183248996734619],1,Male,18,25 - 45,African-American,0,0,0,1,M,PerturbTC0
[0.7183248996734619],1,[0.7183248996734619],1,Female,18,25 - 45,African-American,0,0,0,1,M,OrigionalTC0
[0.7140202522277832],1,[0.7183248996734619],1,Male,18,25 - 45,Caucasian,0,0,0,1,M,PerturbTC0
[0.6899663805961609],1,[0.7183248996734619],1,Female,18,25 - 45,Caucasian,0,0,0,1,M,PerturbTC0
[0.7566041946411133],1,[0.7183248996734619],1,Male,18,25 - 45,Hispanic,0,0,0,1,M,PerturbTC0
[0.7348017692565918],1,[0.7183248996734619],1,Female,18,25 - 45,Hispanic,0,0,0,1,M,PerturbTC0
[0.7276585102081299],1,[0.7183248996734619],1,Male,18,25 - 45,Native American,0,0,0,1,M,PerturbTC0
[0.7042766809463501],1,[0.7183248996734619],1,Female,18,25 - 45,Native American,0,0,0,1,M,PerturbTC0
[0.7238358855247498],1,[0.7183248996734619],1,Male,18,25 - 45,Asian,0,0,0,1,M,PerturbTC0
[0.7002609968185425],1,[0.7183248996734619],1,Female,18,25 - 45,Asian,0,0,0,1,M,PerturbTC0
[0.8443056344985962],1,[0.8613516688346863],1,Male,18,Less than 25,Other,1,1,1,2,F,PerturbTC1
[0.7572418451309204],1,[0.8613516688346863],1,Female,18,Less than 25,Other,1,1,1,2,F,PerturbTC1
[0.8850531578063965],1,[0.8613516688346863],1,Male,18,Less than 25,African-American,1,1,1,2,F,PerturbTC1
[0.805394172668457],1,[0.8613516688346863],1,Female,18,Less than 25,African-American,1,1,1,2,F,PerturbTC1
[0.8613516688346863],1,[0.8613516688346863],1,Male,18,Less than 25,Caucasian,1,1,1,2,F,OrigionalTC1
[0.7831553220748901],1,[0.8613516688346863],1,Female,18,Less than 25,Caucasian,1,1,1,2,F,PerturbTC1
[0.8852497339248657],1,[0.8613516688346863],1,Male,18,Less than 25,Hispanic,1,1,1,2,F,PerturbTC1
[0.8180677890777588],1,[0.8613516688346863],1,Female,18,Less than 25,Hispanic,1,1,1,2,F,PerturbTC1
[0.8741803765296936],1,[0.8613516688346863],1,Male,18,Less than 25,Native American,1,1,1,2,F,PerturbTC1
[0.7944457530975342],1,[0.8613516688346863],1,Female,18,Less than 25,Native American,1,1,1,2,F,PerturbTC1
[0.8704582452774048],1,[0.8613516688346863],1,Male,18,Less than 25,Asian,1,1,1,2,F,PerturbTC1
[0.7912916541099548],1,[0.8613516688346863],1,Female,18,Less than 25,Asian,1,1,1,2,F,PerturbTC1
[0.8116552829742432],1,[0.8306105732917786],1,Male,18,Greater than 45,Other,2,2,2,3,F,PerturbTC2
[0.8110796809196472],1,[0.8306105732917786],1,Female,18,Greater than 45,Other,2,2,2,3,F,PerturbTC2
[0.8314085006713867],1,[0.8306105732917786],1,Male,18,Greater than 45,African-American,2,2,2,3,F,PerturbTC2
[0.8308806419372559],1,[0.8306105732917786],1,Female,18,Greater than 45,African-American,2,2,2,3,F,PerturbTC2
[0.8102749586105347],1,[0.8306105732917786],1,Male,18,Greater than 45,Caucasian,2,2,2,3,F,PerturbTC2
[0.8096960783004761],1,[0.8306105732917786],1,Female,18,Greater than 45,Caucasian,2,2,2,3,F,PerturbTC2
[0.831139087677002],1,[0.8306105732917786],1,Male,18,Greater than 45,Hispanic,2,2,2,3,F,PerturbTC2
[0.8306105732917786],1,[0.8306105732917786],1,Female,18,Greater than 45,Hispanic,2,2,2,3,F,OrigionalTC2
[0.8299870491027832],1,[0.8306105732917786],1,Male,18,Greater than 45,Native American,2,2,2,3,F,PerturbTC2
[0.8294556140899658],1,[0.8306105732917786],1,Female,18,Greater than 45,Native American,2,2,2,3,F,PerturbTC2
[0.8321933746337891],1,[0.8306105732917786],1,Male,18,Greater than 45,Asian,2,2,2,3,F,PerturbTC2
[0.8316674828529358],1,[0.8306105732917786],1,Female,18,Greater than 45,Asian,2,2,2,3,F,PerturbTC2
[0.9147427678108215],1,[0.9239805936813354],1,Male,18,25 - 45,Other,3,3,3,6,M,PerturbTC3
[0.9144489169120789],1,[0.9239805936813354],1,Female,18,25 - 45,Other,3,3,3,6,M,PerturbTC3
[0.9246875047683716],1,[0.9239805936813354],1,Male,18,25 - 45,African-American,3,3,3,6,M,PerturbTC3
[0.9244251251220703],1,[0.9239805936813354],1,Female,18,25 - 45,African-American,3,3,3,6,M,PerturbTC3
[0.914037823677063],1,[0.9239805936813354],1,Male,18,25 - 45,Caucasian,3,3,3,6,M,PerturbTC3
[0.9137418866157532],1,[0.9239805936813354],1,Female,18,25 - 45,Caucasian,3,3,3,6,M,PerturbTC3
[0.924553632736206],1,[0.9239805936813354],1,Male,18,25 - 45,Hispanic,3,3,3,6,M,PerturbTC3
[0.9242908954620361],1,[0.9239805936813354],1,Female,18,25 - 45,Hispanic,3,3,3,6,M,PerturbTC3
[0.9239805936813354],1,[0.9239805936813354],1,Male,18,25 - 45,Native American,3,3,3,6,M,OrigionalTC3
[0.9237159490585327],1,[0.9239805936813354],1,Female,18,25 - 45,Native American,3,3,3,6,M,PerturbTC3
[0.9250772595405579],1,[0.9239805936813354],1,Male,18,25 - 45,Asian,3,3,3,6,M,PerturbTC3
[0.9248161315917969],1,[0.9239805936813354],1,Female,18,25 - 45,Asian,3,3,3,6,M,PerturbTC3
[0.9665725231170654],1,[0.9484278559684753],1,Male,18,Less than 25,Other,4,5,4,8,M,PerturbTC4
[0.9411091804504395],1,[0.9484278559684753],1,Female,18,Less than 25,Other,4,5,4,8,M,PerturbTC4
[0.9725361466407776],1,[0.9484278559684753],1,Male,18,Less than 25,African-American,4,5,4,8,M,PerturbTC4
[0.9481527805328369],1,[0.9484278559684753],1,Female,18,Less than 25,African-American,4,5,4,8,M,PerturbTC4
[0.9659335613250732],1,[0.9484278559684753],1,Male,18,Less than 25,Caucasian,4,5,4,8,M,PerturbTC4
[0.9406080842018127],1,[0.9484278559684753],1,Female,18,Less than 25,Caucasian,4,5,4,8,M,PerturbTC4
[0.9709643125534058],1,[0.9484278559684753],1,Male,18,Less than 25,Hispanic,4,5,4,8,M,PerturbTC4
[0.9480581879615784],1,[0.9484278559684753],1,Female,18,Less than 25,Hispanic,4,5,4,8,M,PerturbTC4
[0.9713243246078491],1,[0.9484278559684753],1,Male,18,Less than 25,Native American,4,5,4,8,M,PerturbTC4
[0.947653591632843],1,[0.9484278559684753],1,Female,18,Less than 25,Native American,4,5,4,8,M,PerturbTC4
[0.9713661074638367],1,[0.9484278559684753],1,Male,18,Less than 25,Asian,4,5,4,8,M,PerturbTC4
[0.9484278559684753],1,[0.9484278559684753],1,Female,18,Less than 25,Asian,4,5,4,8,M,OrigionalTC4
[0.9898223876953125],1,[0.9898223876953125],1,Male,18,Greater than 45,Other,6,1,5,18,M,OrigionalTC5
[0.9897844791412354],1,[0.9898223876953125],1,Female,18,Greater than 45,Other,6,1,5,18,M,PerturbTC5
[0.9910948276519775],1,[0.9898223876953125],1,Male,18,Greater than 45,African-American,6,1,5,18,M,PerturbTC5
[0.9910615682601929],1,[0.9898223876953125],1,Female,18,Greater than 45,African-American,6,1,5,18,M,PerturbTC5
[0.9897313714027405],1,[0.9898223876953125],1,Male,18,Greater than 45,Caucasian,6,1,5,18,M,PerturbTC5
[0.9896930456161499],1,[0.9898223876953125],1,Female,18,Greater than 45,Caucasian,6,1,5,18,M,PerturbTC5
[0.9910778999328613],1,[0.9898223876953125],1,Male,18,Greater than 45,Hispanic,6,1,5,18,M,PerturbTC5
[0.9910445213317871],1,[0.9898223876953125],1,Female,18,Greater than 45,Hispanic,6,1,5,18,M,PerturbTC5
[0.9910053014755249],1,[0.9898223876953125],1,Male,18,Greater than 45,Native American,6,1,5,18,M,PerturbTC5
[0.990971565246582],1,[0.9898223876953125],1,Female,18,Greater than 45,Native American,6,1,5,18,M,PerturbTC5
[0.9911441802978516],1,[0.9898223876953125],1,Male,18,Greater than 45,Asian,6,1,5,18,M,PerturbTC5
[0.991111159324646],1,[0.9898223876953125],1,Female,18,Greater than 45,Asian,6,1,5,18,M,PerturbTC5
[0.6356481313705444],1,[0.698310136795044],1,Male,18,25 - 45,Other,1,2,6,0,F,PerturbTC6
[0.6086156368255615],1,[0.698310136795044],1,Female,18,25 - 45,Other,1,2,6,0,F,PerturbTC6
[0.698310136795044],1,[0.698310136795044],1,Male,18,25 - 45,African-American,1,2,6,0,F,OrigionalTC6
[0.6735390424728394],1,[0.698310136795044],1,Female,18,25 - 45,African-American,1,2,6,0,F,PerturbTC6
[0.6688655018806458],1,[0.698310136795044],1,Male,18,25 - 45,Caucasian,1,2,6,0,F,PerturbTC6
[0.6429130434989929],1,[0.698310136795044],1,Female,18,25 - 45,Caucasian,1,2,6,0,F,PerturbTC6
[0.7154941558837891],1,[0.698310136795044],1,Male,18,25 - 45,Hispanic,1,2,6,0,F,PerturbTC6
[0.6915105581283569],1,[0.698310136795044],1,Female,18,25 - 45,Hispanic,1,2,6,0,F,PerturbTC6
[0.6837033033370972],1,[0.698310136795044],1,Male,18,25 - 45,Native American,1,2,6,0,F,PerturbTC6
[0.6583195924758911],1,[0.698310136795044],1,Female,18,25 - 45,Native American,1,2,6,0,F,PerturbTC6
[0.6795353293418884],1,[0.698310136795044],1,Male,18,25 - 45,Asian,1,2,6,0,F,PerturbTC6
[0.6539864540100098],1,[0.698310136795044],1,Female,18,25 - 45,Asian,1,2,6,0,F,PerturbTC6
[0.8133702874183655],1,[0.740920901298523],1,Male,18,Less than 25,Other,2,3,7,1,F,PerturbTC7
[0.7118175029754639],1,[0.740920901298523],1,Female,18,Less than 25,Other,2,3,7,1,F,PerturbTC7
[0.8608800172805786],1,[0.740920901298523],1,Male,18,Less than 25,African-American,2,3,7,1,F,PerturbTC7
[0.7661980390548706],1,[0.740920901298523],1,Female,18,Less than 25,African-American,2,3,7,1,F,PerturbTC7
[0.8331338763237],1,[0.740920901298523],1,Male,18,Less than 25,Caucasian,2,3,7,1,F,PerturbTC7
[0.740920901298523],1,[0.740920901298523],1,Female,18,Less than 25,Caucasian,2,3,7,1,F,OrigionalTC7
[0.8641531467437744],1,[0.740920901298523],1,Male,18,Less than 25,Hispanic,2,3,7,1,F,PerturbTC7
[0.780729353427887],1,[0.740920901298523],1,Female,18,Less than 25,Hispanic,2,3,7,1,F,PerturbTC7
[0.8481131196022034],1,[0.740920901298523],1,Male,18,Less than 25,Native American,2,3,7,1,F,PerturbTC7
[0.7537187933921814],1,[0.740920901298523],1,Female,18,Less than 25,Native American,2,3,7,1,F,PerturbTC7
[0.843757688999176],1,[0.740920901298523],1,Male,18,Less than 25,Asian,2,3,7,1,F,PerturbTC7
[0.7501363158226013],1,[0.740920901298523],1,Female,18,Less than 25,Asian,2,3,7,1,F,PerturbTC7
[0.7405929565429688],1,[0.765302300453186],1,Male,20,Greater than 45,Other,0,0,0,2,F,PerturbTC8
[0.7372467517852783],1,[0.765302300453186],1,Female,20,Greater than 45,Other,0,0,0,2,F,PerturbTC8
[0.7656471133232117],1,[0.765302300453186],1,Male,20,Greater than 45,African-American,0,0,0,2,F,PerturbTC8
[0.7649716138839722],1,[0.765302300453186],1,Female,20,Greater than 45,African-American,0,0,0,2,F,PerturbTC8
[0.7388593554496765],1,[0.765302300453186],1,Male,20,Greater than 45,Caucasian,0,0,0,2,F,PerturbTC8
[0.7381330132484436],1,[0.765302300453186],1,Female,20,Greater than 45,Caucasian,0,0,0,2,F,PerturbTC8
[0.765302300453186],1,[0.765302300453186],1,Male,20,Greater than 45,Hispanic,0,0,0,2,F,OrigionalTC8
[0.7646260857582092],1,[0.765302300453186],1,Female,20,Greater than 45,Hispanic,0,0,0,2,F,PerturbTC8
[0.7638286352157593],1,[0.765302300453186],1,Male,20,Greater than 45,Native American,0,0,0,2,F,PerturbTC8
[0.7631494998931885],1,[0.765302300453186],1,Female,20,Greater than 45,Native American,0,0,0,2,F,PerturbTC8
[0.7666521668434143],1,[0.765302300453186],1,Male,20,Greater than 45,Asian,0,0,0,2,F,PerturbTC8
[0.7659786939620972],1,[0.765302300453186],1,Female,20,Greater than 45,Asian,0,0,0,2,F,PerturbTC8
[0.8207007646560669],1,[0.8378170728683472],1,Male,20,25 - 45,Other,4,5,1,3,M,PerturbTC9
[0.8201466798782349],1,[0.8378170728683472],1,Female,20,25 - 45,Other,4,5,1,3,M,PerturbTC9
[0.8396926522254944],1,[0.8378170728683472],1,Male,20,25 - 45,African-American,4,5,1,3,M,PerturbTC9
[0.8391857147216797],1,[0.8378170728683472],1,Female,20,25 - 45,African-American,4,5,1,3,M,PerturbTC9
[0.8193719387054443],1,[0.8378170728683472],1,Male,20,25 - 45,Caucasian,4,5,1,3,M,PerturbTC9
[0.8188146352767944],1,[0.8378170728683472],1,Female,20,25 - 45,Caucasian,4,5,1,3,M,PerturbTC9
[0.8394339084625244],1,[0.8378170728683472],1,Male,20,25 - 45,Hispanic,4,5,1,3,M,PerturbTC9
[0.8389264345169067],1,[0.8378170728683472],1,Female,20,25 - 45,Hispanic,4,5,1,3,M,PerturbTC9
[0.8383274078369141],1,[0.8378170728683472],1,Male,20,25 - 45,Native American,4,5,1,3,M,PerturbTC9
[0.8378170728683472],1,[0.8378170728683472],1,Female,20,25 - 45,Native American,4,5,1,3,M,OrigionalTC9
[0.8404463529586792],1,[0.8378170728683472],1,Male,20,25 - 45,Asian,4,5,1,3,M,PerturbTC9
[0.8399413824081421],1,[0.8378170728683472],1,Female,20,25 - 45,Asian,4,5,1,3,M,PerturbTC9
[0.9305377006530762],1,[0.9081698656082153],1,Male,20,Less than 25,Other,6,1,2,6,F,PerturbTC10
[0.895766019821167],1,[0.9081698656082153],1,Female,20,Less than 25,Other,6,1,2,6,F,PerturbTC10
[0.9425480961799622],1,[0.9081698656082153],1,Male,20,Less than 25,African-American,6,1,2,6,F,PerturbTC10
[0.9077008962631226],1,[0.9081698656082153],1,Female,20,Less than 25,African-American,6,1,2,6,F,PerturbTC10
[0.9292603731155396],1,[0.9081698656082153],1,Male,20,Less than 25,Caucasian,6,1,2,6,F,PerturbTC10
[0.8949222564697266],1,[0.9081698656082153],1,Female,20,Less than 25,Caucasian,6,1,2,6,F,PerturbTC10
[0.9393669366836548],1,[0.9081698656082153],1,Male,20,Less than 25,Hispanic,6,1,2,6,F,PerturbTC10
[0.9075399041175842],1,[0.9081698656082153],1,Female,20,Less than 25,Hispanic,6,1,2,6,F,PerturbTC10
[0.9400944709777832],1,[0.9081698656082153],1,Male,20,Less than 25,Native American,6,1,2,6,F,PerturbTC10
[0.9068505764007568],1,[0.9081698656082153],1,Female,20,Less than 25,Native American,6,1,2,6,F,PerturbTC10
[0.9401790499687195],1,[0.9081698656082153],1,Male,20,Less than 25,Asian,6,1,2,6,F,PerturbTC10
[0.9081698656082153],1,[0.9081698656082153],1,Female,20,Less than 25,Asian,6,1,2,6,F,OrigionalTC10
[0.9120422005653381],1,[0.9117400646209717],1,Male,20,Greater than 45,Other,1,2,3,8,F,PerturbTC11
[0.9117400646209717],1,[0.9117400646209717],1,Female,20,Greater than 45,Other,1,2,3,8,F,OrigionalTC11
[0.9222752451896667],1,[0.9117400646209717],1,Male,20,Greater than 45,African-American,1,2,3,8,F,PerturbTC11
[0.9220052361488342],1,[0.9117400646209717],1,Female,20,Greater than 45,African-American,1,2,3,8,F,PerturbTC11
[0.9113171696662903],1,[0.9117400646209717],1,Male,20,Greater than 45,Caucasian,1,2,3,8,F,PerturbTC11
[0.9110127687454224],1,[0.9117400646209717],1,Female,20,Greater than 45,Caucasian,1,2,3,8,F,PerturbTC11
[0.922137439250946],1,[0.9117400646209717],1,Male,20,Greater than 45,Hispanic,1,2,3,8,F,PerturbTC11
[0.9218670129776001],1,[0.9117400646209717],1,Female,20,Greater than 45,Hispanic,1,2,3,8,F,PerturbTC11
[0.9215475916862488],1,[0.9117400646209717],1,Male,20,Greater than 45,Native American,1,2,3,8,F,PerturbTC11
[0.92127525806427],1,[0.9117400646209717],1,Female,20,Greater than 45,Native American,1,2,3,8,F,PerturbTC11
[0.9226764440536499],1,[0.9117400646209717],1,Male,20,Greater than 45,Asian,1,2,3,8,F,PerturbTC11
[0.9224076271057129],1,[0.9117400646209717],1,Female,20,Greater than 45,Asian,1,2,3,8,F,PerturbTC11
[0.9865792393684387],1,[0.988208532333374],1,Male,20,Greater than 45,Other,3,3,4,18,F,PerturbTC12
[0.9865293502807617],1,[0.988208532333374],1,Female,20,Greater than 45,Other,3,3,4,18,F,PerturbTC12
[0.9882523417472839],1,[0.988208532333374],1,Male,20,Greater than 45,African-American,3,3,4,18,F,PerturbTC12
[0.988208532333374],1,[0.988208532333374],1,Female,20,Greater than 45,African-American,3,3,4,18,F,OrigionalTC12
[0.986459493637085],1,[0.988208532333374],1,Male,20,Greater than 45,Caucasian,3,3,4,18,F,PerturbTC12
[0.9864091873168945],1,[0.988208532333374],1,Female,20,Greater than 45,Caucasian,3,3,4,18,F,PerturbTC12
[0.9882299900054932],1,[0.988208532333374],1,Male,20,Greater than 45,Hispanic,3,3,4,18,F,PerturbTC12
[0.988186240196228],1,[0.988208532333374],1,Female,20,Greater than 45,Hispanic,3,3,4,18,F,PerturbTC12
[0.9881343841552734],1,[0.988208532333374],1,Male,20,Greater than 45,Native American,3,3,4,18,F,PerturbTC12
[0.9880902767181396],1,[0.988208532333374],1,Female,20,Greater than 45,Native American,3,3,4,18,F,PerturbTC12
[0.9883172512054443],1,[0.988208532333374],1,Male,20,Greater than 45,Asian,3,3,4,18,F,PerturbTC12
[0.9882737994194031],1,[0.988208532333374],1,Female,20,Greater than 45,Asian,3,3,4,18,F,PerturbTC12
[0.5548626184463501],1,[0.5928778648376465],1,Male,20,Greater than 45,Other,4,5,5,0,F,PerturbTC13
[0.5272405743598938],1,[0.5928778648376465],1,Female,20,Greater than 45,Other,4,5,5,0,F,PerturbTC13
[0.615145206451416],1,[0.5928778648376465],1,Male,20,Greater than 45,African-American,4,5,5,0,F,PerturbTC13
[0.587578535079956],1,[0.5928778648376465],1,Female,20,Greater than 45,African-American,4,5,5,0,F,PerturbTC13
[0.5928778648376465],1,[0.5928778648376465],1,Male,20,Greater than 45,Caucasian,4,5,5,0,F,OrigionalTC13
[0.5657686591148376],1,[0.5928778648376465],1,Female,20,Greater than 45,Caucasian,4,5,5,0,F,PerturbTC13
[0.6345873475074768],1,[0.5928778648376465],1,Male,20,Greater than 45,Hispanic,4,5,5,0,F,PerturbTC13
[0.6075247526168823],1,[0.5928778648376465],1,Female,20,Greater than 45,Hispanic,4,5,5,0,F,PerturbTC13
[0.5988249778747559],1,[0.5928778648376465],1,Male,20,Greater than 45,Native American,4,5,5,0,F,PerturbTC13
[0.5709047317504883],1,[0.5928778648376465],1,Female,20,Greater than 45,Native American,4,5,5,0,F,PerturbTC13
[0.59420245885849],1,[0.5928778648376465],1,Male,20,Greater than 45,Asian,4,5,5,0,F,PerturbTC13
[0.5661935210227966],1,[0.5928778648376465],1,Female,20,Greater than 45,Asian,4,5,5,0,F,PerturbTC13
[0.7138715982437134],1,[0.7824424505233765],1,Male,20,25 - 45,Other,6,5,6,1,M,PerturbTC14
[0.6898106336593628],1,[0.7824424505233765],1,Female,20,25 - 45,Other,6,5,6,1,M,PerturbTC14
[0.7679909467697144],1,[0.7824424505233765],1,Male,20,25 - 45,African-American,6,5,6,1,M,PerturbTC14
[0.7468671798706055],1,[0.7824424505233765],1,Female,20,25 - 45,African-American,6,5,6,1,M,PerturbTC14
[0.7428426146507263],1,[0.7824424505233765],1,Male,20,25 - 45,Caucasian,6,5,6,1,M,PerturbTC14
[0.7202631831169128],1,[0.7824424505233765],1,Female,20,25 - 45,Caucasian,6,5,6,1,M,PerturbTC14
[0.7824424505233765],1,[0.7824424505233765],1,Male,20,25 - 45,Hispanic,6,5,6,1,M,OrigionalTC14
[0.7622270584106445],1,[0.7824424505233765],1,Female,20,25 - 45,Hispanic,6,5,6,1,M,PerturbTC14
[0.7555768489837646],1,[0.7824424505233765],1,Male,20,25 - 45,Native American,6,5,6,1,M,PerturbTC14
[0.7337148189544678],1,[0.7824424505233765],1,Female,20,25 - 45,Native American,6,5,6,1,M,PerturbTC14
[0.7520124912261963],1,[0.7824424505233765],1,Male,20,25 - 45,Asian,6,5,6,1,M,PerturbTC14
[0.7299455404281616],1,[0.7824424505233765],1,Female,20,25 - 45,Asian,6,5,6,1,M,PerturbTC14
[0.8391411304473877],1,[0.8646057844161987],1,Male,20,25 - 45,Other,2,1,7,2,M,PerturbTC15
[0.8230023980140686],1,[0.8646057844161987],1,Female,20,25 - 45,Other,2,1,7,2,M,PerturbTC15
[0.8657846450805664],1,[0.8646057844161987],1,Male,20,25 - 45,African-American,2,1,7,2,M,PerturbTC15
[0.8605135679244995],1,[0.8646057844161987],1,Female,20,25 - 45,African-American,2,1,7,2,M,PerturbTC15
[0.8481733798980713],1,[0.8646057844161987],1,Male,20,25 - 45,Caucasian,2,1,7,2,M,PerturbTC15
[0.843348503112793],1,[0.8646057844161987],1,Female,20,25 - 45,Caucasian,2,1,7,2,M,PerturbTC15
[0.865561306476593],1,[0.8646057844161987],1,Male,20,25 - 45,Hispanic,2,1,7,2,M,PerturbTC15
[0.8651230335235596],1,[0.8646057844161987],1,Female,20,25 - 45,Hispanic,2,1,7,2,M,PerturbTC15
[0.8646057844161987],1,[0.8646057844161987],1,Male,20,25 - 45,Native American,2,1,7,2,M,OrigionalTC15
[0.852096676826477],1,[0.8646057844161987],1,Female,20,25 - 45,Native American,2,1,7,2,M,PerturbTC15
[0.8637701869010925],1,[0.8646057844161987],1,Male,20,25 - 45,Asian,2,1,7,2,M,PerturbTC15
[0.84965980052948],1,[0.8646057844161987],1,Female,20,25 - 45,Asian,2,1,7,2,M,PerturbTC15
[0.884334146976471],1,[0.9001232385635376],1,Male,21,Less than 25,Other,0,0,0,3,M,PerturbTC16
[0.7925280332565308],1,[0.9001232385635376],1,Female,21,Less than 25,Other,0,0,0,3,M,PerturbTC16
[0.9039164781570435],1,[0.9001232385635376],1,Male,21,Less than 25,African-American,0,0,0,3,M,PerturbTC16
[0.8307664394378662],1,[0.9001232385635376],1,Female,21,Less than 25,African-American,0,0,0,3,M,PerturbTC16
[0.8828048706054688],1,[0.9001232385635376],1,Male,21,Less than 25,Caucasian,0,0,0,3,M,PerturbTC16
[0.809570848941803],1,[0.9001232385635376],1,Female,21,Less than 25,Caucasian,0,0,0,3,M,PerturbTC16
[0.8988258838653564],1,[0.9001232385635376],1,Male,21,Less than 25,Hispanic,0,0,0,3,M,PerturbTC16
[0.8304962515830994],1,[0.9001232385635376],1,Female,21,Less than 25,Hispanic,0,0,0,3,M,PerturbTC16
[0.899988055229187],1,[0.9001232385635376],1,Male,21,Less than 25,Native American,0,0,0,3,M,PerturbTC16
[0.8255698680877686],1,[0.9001232385635376],1,Female,21,Less than 25,Native American,0,0,0,3,M,PerturbTC16
[0.9001232385635376],1,[0.9001232385635376],1,Male,21,Less than 25,Asian,0,0,0,3,M,OrigionalTC16
[0.8227868676185608],1,[0.9001232385635376],1,Female,21,Less than 25,Asian,0,0,0,3,M,PerturbTC16
[0.8494517803192139],1,[0.8489701747894287],1,Male,21,Greater than 45,Other,2,5,1,6,F,PerturbTC17
[0.8489701747894287],1,[0.8489701747894287],1,Female,21,Greater than 45,Other,2,5,1,6,F,OrigionalTC17
[0.8658958673477173],1,[0.8489701747894287],1,Male,21,Greater than 45,African-American,2,5,1,6,F,PerturbTC17
[0.865458607673645],1,[0.8489701747894287],1,Female,21,Greater than 45,African-American,2,5,1,6,F,PerturbTC17
[0.8482966423034668],1,[0.8489701747894287],1,Male,21,Greater than 45,Caucasian,2,5,1,6,F,PerturbTC17
[0.8478120565414429],1,[0.8489701747894287],1,Female,21,Greater than 45,Caucasian,2,5,1,6,F,PerturbTC17
[0.8656727075576782],1,[0.8489701747894287],1,Male,21,Greater than 45,Hispanic,2,5,1,6,F,PerturbTC17
[0.8652347326278687],1,[0.8489701747894287],1,Female,21,Greater than 45,Hispanic,2,5,1,6,F,PerturbTC17
[0.8647179007530212],1,[0.8489701747894287],1,Male,21,Greater than 45,Native American,2,5,1,6,F,PerturbTC17
[0.8642772436141968],1,[0.8489701747894287],1,Female,21,Greater than 45,Native American,2,5,1,6,F,PerturbTC17
[0.8665459752082825],1,[0.8489701747894287],1,Male,21,Greater than 45,Asian,2,5,1,6,F,PerturbTC17
[0.8661104440689087],1,[0.8489701747894287],1,Female,21,Greater than 45,Asian,2,5,1,6,F,PerturbTC17
[0.926074206829071],1,[0.9347914457321167],1,Male,21,25 - 45,Other,3,1,2,8,M,PerturbTC18
[0.9258162975311279],1,[0.9347914457321167],1,Female,21,25 - 45,Other,3,1,2,8,M,PerturbTC18
[0.9347914457321167],1,[0.9347914457321167],1,Male,21,25 - 45,African-American,3,1,2,8,M,OrigionalTC18
[0.9345618486404419],1,[0.9347914457321167],1,Female,21,25 - 45,African-American,3,1,2,8,M,PerturbTC18
[0.9254553914070129],1,[0.9347914457321167],1,Male,21,25 - 45,Caucasian,3,1,2,8,M,PerturbTC18
[0.9251954555511475],1,[0.9347914457321167],1,Female,21,25 - 45,Caucasian,3,1,2,8,M,PerturbTC18
[0.9346742630004883],1,[0.9347914457321167],1,Male,21,25 - 45,Hispanic,3,1,2,8,M,PerturbTC18
[0.9344443082809448],1,[0.9347914457321167],1,Female,21,25 - 45,Hispanic,3,1,2,8,M,PerturbTC18
[0.9341726303100586],1,[0.9347914457321167],1,Male,21,25 - 45,Native American,3,1,2,8,M,PerturbTC18
[0.9339410066604614],1,[0.9347914457321167],1,Female,21,25 - 45,Native American,3,1,2,8,M,PerturbTC18
[0.935132622718811],1,[0.9347914457321167],1,Male,21,25 - 45,Asian,3,1,2,8,M,PerturbTC18
[0.9349040985107422],1,[0.9347914457321167],1,Female,21,25 - 45,Asian,3,1,2,8,M,PerturbTC18
[0.9936774373054504],1,[0.9886163473129272],1,Male,21,Less than 25,Other,4,2,3,18,M,PerturbTC19
[0.9887171983718872],1,[0.9886163473129272],1,Female,21,Less than 25,Other,4,2,3,18,M,PerturbTC19
[0.9948312044143677],1,[0.9886163473129272],1,Male,21,Less than 25,African-American,4,2,3,18,M,PerturbTC19
[0.990126371383667],1,[0.9886163473129272],1,Female,21,Less than 25,African-American,4,2,3,18,M,PerturbTC19
[0.9935530424118042],1,[0.9886163473129272],1,Male,21,Less than 25,Caucasian,4,2,3,18,M,PerturbTC19
[0.9886163473129272],1,[0.9886163473129272],1,Female,21,Less than 25,Caucasian,4,2,3,18,M,OrigionalTC19
[0.9945282936096191],1,[0.9886163473129272],1,Male,21,Less than 25,Hispanic,4,2,3,18,M,PerturbTC19
[0.9901076555252075],1,[0.9886163473129272],1,Female,21,Less than 25,Hispanic,4,2,3,18,M,PerturbTC19
[0.9945976138114929],1,[0.9886163473129272],1,Male,21,Less than 25,Native American,4,2,3,18,M,PerturbTC19
[0.9900271892547607],1,[0.9886163473129272],1,Female,21,Less than 25,Native American,4,2,3,18,M,PerturbTC19
[0.9946057796478271],1,[0.9886163473129272],1,Male,21,Less than 25,Asian,4,2,3,18,M,PerturbTC19
[0.9901810884475708],1,[0.9886163473129272],1,Female,21,Less than 25,Asian,4,2,3,18,M,PerturbTC19
[0.6081299185752869],1,[0.5242440104484558],1,Male,21,Less than 25,Other,6,3,4,0,M,PerturbTC20
[0.43324047327041626],0,[0.5242440104484558],1,Female,21,Less than 25,Other,6,3,4,0,M,PerturbTC20
[0.6878349184989929],1,[0.5242440104484558],1,Male,21,Less than 25,African-American,6,3,4,0,M,PerturbTC20
[0.5035240650177002],1,[0.5242440104484558],1,Female,21,Less than 25,African-American,6,3,4,0,M,PerturbTC20
[0.6400084495544434],1,[0.5242440104484558],1,Male,21,Less than 25,Caucasian,6,3,4,0,M,PerturbTC20
[0.46951064467430115],0,[0.5242440104484558],1,Female,21,Less than 25,Caucasian,6,3,4,0,M,PerturbTC20
[0.6937309503555298],1,[0.5242440104484558],1,Male,21,Less than 25,Hispanic,6,3,4,0,M,PerturbTC20
[0.5242440104484558],1,[0.5242440104484558],1,Female,21,Less than 25,Hispanic,6,3,4,0,M,OrigionalTC20
[0.6653607487678528],1,[0.5242440104484558],1,Male,21,Less than 25,Native American,6,3,4,0,M,PerturbTC20
[0.4864223301410675],0,[0.5242440104484558],1,Female,21,Less than 25,Native American,6,3,4,0,M,PerturbTC20
[0.6578788161277771],1,[0.5242440104484558],1,Male,21,Less than 25,Asian,6,3,4,0,M,PerturbTC20
[0.4816257655620575],0,[0.5242440104484558],1,Female,21,Less than 25,Asian,6,3,4,0,M,PerturbTC20
[0.6746622323989868],1,[0.6960668563842773],1,Male,21,Greater than 45,Other,1,2,5,1,F,PerturbTC21
[0.6489256620407104],1,[0.6960668563842773],1,Female,21,Greater than 45,Other,1,2,5,1,F,PerturbTC21
[0.7334283590316772],1,[0.6960668563842773],1,Male,21,Greater than 45,African-American,1,2,5,1,F,PerturbTC21
[0.710344672203064],1,[0.6960668563842773],1,Female,21,Greater than 45,African-American,1,2,5,1,F,PerturbTC21
[0.7059680223464966],1,[0.6960668563842773],1,Male,21,Greater than 45,Caucasian,1,2,5,1,F,PerturbTC21
[0.6815389394760132],1,[0.6960668563842773],1,Female,21,Greater than 45,Caucasian,1,2,5,1,F,PerturbTC21
[0.7493300437927246],1,[0.6960668563842773],1,Male,21,Greater than 45,Hispanic,1,2,5,1,F,PerturbTC21
[0.7271110415458679],1,[0.6960668563842773],1,Female,21,Greater than 45,Hispanic,1,2,5,1,F,PerturbTC21
[0.7198396325111389],1,[0.6960668563842773],1,Male,21,Greater than 45,Native American,1,2,5,1,F,PerturbTC21
[0.6960668563842773],1,[0.6960668563842773],1,Female,21,Greater than 45,Native American,1,2,5,1,F,OrigionalTC21
[0.715950071811676],1,[0.6960668563842773],1,Male,21,Greater than 45,Asian,1,2,5,1,F,PerturbTC21
[0.691988468170166],1,[0.6960668563842773],1,Female,21,Greater than 45,Asian,1,2,5,1,F,PerturbTC21
[0.8596981763839722],1,[0.7855004072189331],1,Male,21,Less than 25,Other,3,3,6,2,M,PerturbTC22
[0.7508032321929932],1,[0.7855004072189331],1,Female,21,Less than 25,Other,3,3,6,2,M,PerturbTC22
[0.8969091773033142],1,[0.7855004072189331],1,Male,21,Less than 25,African-American,3,3,6,2,M,PerturbTC22
[0.7998952269554138],1,[0.7855004072189331],1,Female,21,Less than 25,African-American,3,3,6,2,M,PerturbTC22
[0.8753079771995544],1,[0.7855004072189331],1,Male,21,Less than 25,Caucasian,3,3,6,2,M,PerturbTC22
[0.7772018909454346],1,[0.7855004072189331],1,Female,21,Less than 25,Caucasian,3,3,6,2,M,PerturbTC22
[0.8994336724281311],1,[0.7855004072189331],1,Male,21,Less than 25,Hispanic,3,3,6,2,M,PerturbTC22
[0.8128437995910645],1,[0.7855004072189331],1,Female,21,Less than 25,Hispanic,3,3,6,2,M,PerturbTC22
[0.8870147466659546],1,[0.7855004072189331],1,Male,21,Less than 25,Native American,3,3,6,2,M,PerturbTC22
[0.7887186408042908],1,[0.7855004072189331],1,Female,21,Less than 25,Native American,3,3,6,2,M,PerturbTC22
[0.8836216926574707],1,[0.7855004072189331],1,Male,21,Less than 25,Asian,3,3,6,2,M,PerturbTC22
[0.7855004072189331],1,[0.7855004072189331],1,Female,21,Less than 25,Asian,3,3,6,2,M,OrigionalTC22
[0.8573472499847412],1,[0.8573472499847412],1,Male,21,25 - 45,Other,3,5,7,3,M,OrigionalTC23
[0.8568866848945618],1,[0.8573472499847412],1,Female,21,25 - 45,Other,3,5,7,3,M,PerturbTC23
[0.8730579018592834],1,[0.8573472499847412],1,Male,21,25 - 45,African-American,3,5,7,3,M,PerturbTC23
[0.8726404309272766],1,[0.8573472499847412],1,Female,21,25 - 45,African-American,3,5,7,3,M,PerturbTC23
[0.8562424778938293],1,[0.8573472499847412],1,Male,21,25 - 45,Caucasian,3,5,7,3,M,PerturbTC23
[0.8557789325714111],1,[0.8573472499847412],1,Female,21,25 - 45,Caucasian,3,5,7,3,M,PerturbTC23
[0.8728448152542114],1,[0.8573472499847412],1,Male,21,25 - 45,Hispanic,3,5,7,3,M,PerturbTC23
[0.8724268674850464],1,[0.8573472499847412],1,Female,21,25 - 45,Hispanic,3,5,7,3,M,PerturbTC23
[0.8719334602355957],1,[0.8573472499847412],1,Male,21,25 - 45,Native American,3,5,7,3,M,PerturbTC23
[0.8715128898620605],1,[0.8573472499847412],1,Female,21,25 - 45,Native American,3,5,7,3,M,PerturbTC23
[0.8736783266067505],1,[0.8573472499847412],1,Male,21,25 - 45,Asian,3,5,7,3,M,PerturbTC23
[0.8732626438140869],1,[0.8573472499847412],1,Female,21,25 - 45,Asian,3,5,7,3,M,PerturbTC23
[0.79732745885849],1,[0.7958685159683228],1,Male,31,25 - 45,Other,0,0,0,6,M,PerturbTC24
[0.7967190742492676],1,[0.7958685159683228],1,Female,31,25 - 45,Other,0,0,0,6,M,PerturbTC24
[0.8182468414306641],1,[0.7958685159683228],1,Male,31,25 - 45,African-American,0,0,0,6,M,PerturbTC24
[0.8176867961883545],1,[0.7958685159683228],1,Female,31,25 - 45,African-American,0,0,0,6,M,PerturbTC24
[0.7958685159683228],1,[0.7958685159683228],1,Male,31,25 - 45,Caucasian,0,0,0,6,M,OrigionalTC24
[0.7952567338943481],1,[0.7958685159683228],1,Female,31,25 - 45,Caucasian,0,0,0,6,M,PerturbTC24
[0.8179609775543213],1,[0.7958685159683228],1,Male,31,25 - 45,Hispanic,0,0,0,6,M,PerturbTC24
[0.817400336265564],1,[0.7958685159683228],1,Female,31,25 - 45,Hispanic,0,0,0,6,M,PerturbTC24
[0.8167388439178467],1,[0.7958685159683228],1,Male,31,25 - 45,Native American,0,0,0,6,M,PerturbTC24
[0.8161751627922058],1,[0.7958685159683228],1,Female,31,25 - 45,Native American,0,0,0,6,M,PerturbTC24
[0.8190796375274658],1,[0.7958685159683228],1,Male,31,25 - 45,Asian,0,0,0,6,M,PerturbTC24
[0.8185216188430786],1,[0.7958685159683228],1,Female,31,25 - 45,Asian,0,0,0,6,M,PerturbTC24
[0.8962807655334473],1,[0.8646564483642578],1,Male,31,Less than 25,Other,6,2,1,8,F,PerturbTC25
[0.8483343720436096],1,[0.8646564483642578],1,Female,31,Less than 25,Other,6,2,1,8,F,PerturbTC25
[0.9136648178100586],1,[0.8646564483642578],1,Male,31,Less than 25,African-American,6,2,1,8,F,PerturbTC25
[0.864881157875061],1,[0.8646564483642578],1,Female,31,Less than 25,African-American,6,2,1,8,F,PerturbTC25
[0.8944449424743652],1,[0.8646564483642578],1,Male,31,Less than 25,Caucasian,6,2,1,8,F,PerturbTC25
[0.8471722602844238],1,[0.8646564483642578],1,Female,31,Less than 25,Caucasian,6,2,1,8,F,PerturbTC25
[0.9090387225151062],1,[0.8646564483642578],1,Male,31,Less than 25,Hispanic,6,2,1,8,F,PerturbTC25
[0.8646564483642578],1,[0.8646564483642578],1,Female,31,Less than 25,Hispanic,6,2,1,8,F,OrigionalTC25
[0.9100953340530396],1,[0.8646564483642578],1,Male,31,Less than 25,Native American,6,2,1,8,F,PerturbTC25
[0.8636956214904785],1,[0.8646564483642578],1,Female,31,Less than 25,Native American,6,2,1,8,F,PerturbTC25
[0.9102181196212769],1,[0.8646564483642578],1,Male,31,Less than 25,Asian,6,2,1,8,F,PerturbTC25
[0.8655353784561157],1,[0.8646564483642578],1,Female,31,Less than 25,Asian,6,2,1,8,F,PerturbTC25
[0.9696352481842041],1,[0.9730015993118286],1,Male,31,Greater than 45,Other,1,5,2,18,M,PerturbTC26
[0.9695242643356323],1,[0.9730015993118286],1,Female,31,Greater than 45,Other,1,5,2,18,M,PerturbTC26
[0.9733635187149048],1,[0.9730015993118286],1,Male,31,Greater than 45,African-American,1,5,2,18,M,PerturbTC26
[0.9732658863067627],1,[0.9730015993118286],1,Female,31,Greater than 45,African-American,1,5,2,18,M,PerturbTC26
[0.9693690538406372],1,[0.9730015993118286],1,Male,31,Greater than 45,Caucasian,1,5,2,18,M,PerturbTC26
[0.9692572355270386],1,[0.9730015993118286],1,Female,31,Greater than 45,Caucasian,1,5,2,18,M,PerturbTC26
[0.9733138084411621],1,[0.9730015993118286],1,Male,31,Greater than 45,Hispanic,1,5,2,18,M,PerturbTC26
[0.9732158780097961],1,[0.9730015993118286],1,Female,31,Greater than 45,Hispanic,1,5,2,18,M,PerturbTC26
[0.9731003046035767],1,[0.9730015993118286],1,Male,31,Greater than 45,Native American,1,5,2,18,M,PerturbTC26
[0.9730015993118286],1,[0.9730015993118286],1,Female,31,Greater than 45,Native American,1,5,2,18,M,OrigionalTC26
[0.9735087156295776],1,[0.9730015993118286],1,Male,31,Greater than 45,Asian,1,5,2,18,M,PerturbTC26
[0.973411500453949],1,[0.9730015993118286],1,Female,31,Greater than 45,Asian,1,5,2,18,M,PerturbTC26
[0.35447344183921814],0,[0.36707836389541626],0,Male,31,25 - 45,Other,2,1,3,0,M,PerturbTC27
[0.32944414019584656],0,[0.36707836389541626],0,Female,31,25 - 45,Other,2,1,3,0,M,PerturbTC27
[0.3889959752559662],0,[0.36707836389541626],0,Male,31,25 - 45,African-American,2,1,3,0,M,PerturbTC27
[0.36289939284324646],0,[0.36707836389541626],0,Female,31,25 - 45,African-American,2,1,3,0,M,PerturbTC27
[0.3908132016658783],0,[0.36707836389541626],0,Male,31,25 - 45,Caucasian,2,1,3,0,M,PerturbTC27
[0.36466747522354126],0,[0.36707836389541626],0,Female,31,25 - 45,Caucasian,2,1,3,0,M,PerturbTC27
[0.4093486964702606],0,[0.36707836389541626],0,Male,31,25 - 45,Hispanic,2,1,3,0,M,PerturbTC27
[0.3827420473098755],0,[0.36707836389541626],0,Female,31,25 - 45,Hispanic,2,1,3,0,M,PerturbTC27
[0.3752291798591614],0,[0.36707836389541626],0,Male,31,25 - 45,Native American,2,1,3,0,M,PerturbTC27
[0.34952789545059204],0,[0.36707836389541626],0,Female,31,25 - 45,Native American,2,1,3,0,M,PerturbTC27
[0.36707836389541626],0,[0.36707836389541626],0,Male,31,25 - 45,Asian,2,1,3,0,M,OrigionalTC27
[0.34163010120391846],0,[0.36707836389541626],0,Female,31,25 - 45,Asian,2,1,3,0,M,PerturbTC27
[0.5389495491981506],1,[0.5389495491981506],1,Male,31,Less than 25,Other,4,3,4,1,F,OrigionalTC28
[0.40236496925354004],0,[0.5389495491981506],1,Female,31,Less than 25,Other,4,3,4,1,F,PerturbTC28
[0.5919016599655151],1,[0.5389495491981506],1,Male,31,Less than 25,African-American,4,3,4,1,F,PerturbTC28
[0.43838414549827576],0,[0.5389495491981506],1,Female,31,Less than 25,African-American,4,3,4,1,F,PerturbTC28
[0.5747019648551941],1,[0.5389495491981506],1,Male,31,Less than 25,Caucasian,4,3,4,1,F,PerturbTC28
[0.44026583433151245],0,[0.5389495491981506],1,Female,31,Less than 25,Caucasian,4,3,4,1,F,PerturbTC28
[0.5990135669708252],1,[0.5389495491981506],1,Male,31,Less than 25,Hispanic,4,3,4,1,F,PerturbTC28
[0.45937812328338623],0,[0.5389495491981506],1,Female,31,Less than 25,Hispanic,4,3,4,1,F,PerturbTC28
[0.5693499445915222],1,[0.5389495491981506],1,Male,31,Less than 25,Native American,4,3,4,1,F,PerturbTC28
[0.4240826368331909],0,[0.5389495491981506],1,Female,31,Less than 25,Native American,4,3,4,1,F,PerturbTC28
[0.5572630167007446],1,[0.5389495491981506],1,Male,31,Less than 25,Asian,4,3,4,1,F,PerturbTC28
[0.4155765473842621],0,[0.5389495491981506],1,Female,31,Less than 25,Asian,4,3,4,1,F,PerturbTC28
[0.6646528244018555],1,[0.5401425957679749],1,Male,31,Less than 25,Other,6,5,5,2,M,PerturbTC29
[0.49591386318206787],0,[0.5401425957679749],1,Female,31,Less than 25,Other,6,5,5,2,M,PerturbTC29
[0.7176716327667236],1,[0.5401425957679749],1,Male,31,Less than 25,African-American,6,5,5,2,M,PerturbTC29
[0.5401425957679749],1,[0.5401425957679749],1,Female,31,Less than 25,African-American,6,5,5,2,M,OrigionalTC29
[0.6961530447006226],1,[0.5401425957679749],1,Male,31,Less than 25,Caucasian,6,5,5,2,M,PerturbTC29
[0.5347420573234558],1,[0.5401425957679749],1,Female,31,Less than 25,Caucasian,6,5,5,2,M,PerturbTC29
[0.7232308387756348],1,[0.5401425957679749],1,Male,31,Less than 25,Hispanic,6,5,5,2,M,PerturbTC29
[0.5606676936149597],1,[0.5401425957679749],1,Female,31,Less than 25,Hispanic,6,5,5,2,M,PerturbTC29
[0.6963973045349121],1,[0.5401425957679749],1,Male,31,Less than 25,Native American,6,5,5,2,M,PerturbTC29
[0.5231075882911682],1,[0.5401425957679749],1,Female,31,Less than 25,Native American,6,5,5,2,M,PerturbTC29
[0.6892852783203125],1,[0.5401425957679749],1,Male,31,Less than 25,Asian,6,5,5,2,M,PerturbTC29
[0.5183143615722656],1,[0.5401425957679749],1,Female,31,Less than 25,Asian,6,5,5,2,M,PerturbTC29
[0.7136630415916443],1,[0.7136630415916443],1,Male,31,Greater than 45,Other,3,1,6,3,F,PerturbTC30
[0.713438868522644],1,[0.7136630415916443],1,Female,31,Greater than 45,Other,3,1,6,3,F,PerturbTC30
[0.7241419553756714],1,[0.7136630415916443],1,Male,31,Greater than 45,African-American,3,1,6,3,F,PerturbTC30
[0.7233901023864746],1,[0.7136630415916443],1,Female,31,Greater than 45,African-American,3,1,6,3,F,PerturbTC30
[0.7136630415916443],1,[0.7136630415916443],1,Male,31,Greater than 45,Caucasian,3,1,6,3,F,OrigionalTC30
[0.7136630415916443],1,[0.7136630415916443],1,Female,31,Greater than 45,Caucasian,3,1,6,3,F,PerturbTC30
[0.7237581610679626],1,[0.7136630415916443],1,Male,31,Greater than 45,Hispanic,3,1,6,3,F,PerturbTC30
[0.7230055928230286],1,[0.7136630415916443],1,Female,31,Greater than 45,Hispanic,3,1,6,3,F,PerturbTC30
[0.7221183776855469],1,[0.7136630415916443],1,Male,31,Greater than 45,Native American,3,1,6,3,F,PerturbTC30
[0.7213630676269531],1,[0.7136630415916443],1,Female,31,Greater than 45,Native American,3,1,6,3,F,PerturbTC30
[0.7252612113952637],1,[0.7136630415916443],1,Male,31,Greater than 45,Asian,3,1,6,3,F,PerturbTC30
[0.7245111465454102],1,[0.7136630415916443],1,Female,31,Greater than 45,Asian,3,1,6,3,F,PerturbTC30
[0.8177183866500854],1,[0.8367010951042175],1,Male,31,Greater than 45,Other,4,2,7,6,M,PerturbTC31
[0.8171570897102356],1,[0.8367010951042175],1,Female,31,Greater than 45,Other,4,2,7,6,M,PerturbTC31
[0.8369633555412292],1,[0.8367010951042175],1,Male,31,Greater than 45,African-American,4,2,7,6,M,PerturbTC31
[0.8364495038986206],1,[0.8367010951042175],1,Female,31,Greater than 45,African-American,4,2,7,6,M,PerturbTC31
[0.8163723945617676],1,[0.8367010951042175],1,Male,31,Greater than 45,Caucasian,4,2,7,6,M,PerturbTC31
[0.8158078789710999],1,[0.8367010951042175],1,Female,31,Greater than 45,Caucasian,4,2,7,6,M,PerturbTC31
[0.8367010951042175],1,[0.8367010951042175],1,Male,31,Greater than 45,Hispanic,4,2,7,6,M,OrigionalTC31
[0.8361866474151611],1,[0.8367010951042175],1,Female,31,Greater than 45,Hispanic,4,2,7,6,M,PerturbTC31
[0.835579514503479],1,[0.8367010951042175],1,Male,31,Greater than 45,Native American,4,2,7,6,M,PerturbTC31
[0.8350620865821838],1,[0.8367010951042175],1,Female,31,Greater than 45,Native American,4,2,7,6,M,PerturbTC31
[0.837727427482605],1,[0.8367010951042175],1,Male,31,Greater than 45,Asian,4,2,7,6,M,PerturbTC31
[0.8372155427932739],1,[0.8367010951042175],1,Female,31,Greater than 45,Asian,4,2,7,6,M,PerturbTC31
[0.8635435104370117],1,[0.8811402320861816],1,Male,35,Less than 25,Other,0,0,0,8,F,PerturbTC32
[0.8050112128257751],1,[0.8811402320861816],1,Female,35,Less than 25,Other,0,0,0,8,F,PerturbTC32
[0.8857149481773376],1,[0.8811402320861816],1,Male,35,Less than 25,African-American,0,0,0,8,F,PerturbTC32
[0.8253111839294434],1,[0.8811402320861816],1,Female,35,Less than 25,African-American,0,0,0,8,F,PerturbTC32
[0.8612180948257446],1,[0.8811402320861816],1,Male,35,Less than 25,Caucasian,0,0,0,8,F,PerturbTC32
[0.8035939335823059],1,[0.8811402320861816],1,Female,35,Less than 25,Caucasian,0,0,0,8,F,PerturbTC32
[0.8797882795333862],1,[0.8811402320861816],1,Male,35,Less than 25,Hispanic,0,0,0,8,F,PerturbTC32
[0.8250342011451721],1,[0.8811402320861816],1,Female,35,Less than 25,Hispanic,0,0,0,8,F,PerturbTC32
[0.8811402320861816],1,[0.8811402320861816],1,Male,35,Less than 25,Native American,0,0,0,8,F,OrigionalTC32
[0.8238492608070374],1,[0.8811402320861816],1,Female,35,Less than 25,Native American,0,0,0,8,F,PerturbTC32
[0.8812974691390991],1,[0.8811402320861816],1,Male,35,Less than 25,Asian,0,0,0,8,F,PerturbTC32
[0.8261185884475708],1,[0.8811402320861816],1,Female,35,Less than 25,Asian,0,0,0,8,F,PerturbTC32
[0.9680117964744568],1,[0.9719840288162231],1,Male,35,25 - 45,Other,1,3,1,18,M,PerturbTC33
[0.9678951501846313],1,[0.9719840288162231],1,Female,35,25 - 45,Other,1,3,1,18,M,PerturbTC33
[0.9719336032867432],1,[0.9719840288162231],1,Male,35,25 - 45,African-American,1,3,1,18,M,PerturbTC33
[0.9718308448791504],1,[0.9719840288162231],1,Female,35,25 - 45,African-American,1,3,1,18,M,PerturbTC33
[0.9677317142486572],1,[0.9719840288162231],1,Male,35,25 - 45,Caucasian,1,3,1,18,M,PerturbTC33
[0.9676141738891602],1,[0.9719840288162231],1,Female,35,25 - 45,Caucasian,1,3,1,18,M,PerturbTC33
[0.9718812704086304],1,[0.9719840288162231],1,Male,35,25 - 45,Hispanic,1,3,1,18,M,PerturbTC33
[0.9717782735824585],1,[0.9719840288162231],1,Female,35,25 - 45,Hispanic,1,3,1,18,M,PerturbTC33
[0.9716565608978271],1,[0.9719840288162231],1,Male,35,25 - 45,Native American,1,3,1,18,M,PerturbTC33
[0.9715529084205627],1,[0.9719840288162231],1,Female,35,25 - 45,Native American,1,3,1,18,M,PerturbTC33
[0.9720863103866577],1,[0.9719840288162231],1,Male,35,25 - 45,Asian,1,3,1,18,M,PerturbTC33
[0.9719840288162231],1,[0.9719840288162231],1,Female,35,25 - 45,Asian,1,3,1,18,M,OrigionalTC33
[0.35539960861206055],0,[0.33033838868141174],0,Male,35,Greater than 45,Other,3,2,2,0,M,PerturbTC34
[0.33033838868141174],0,[0.33033838868141174],0,Female,35,Greater than 45,Other,3,2,2,0,M,OrigionalTC34
[0.38995784521102905],0,[0.33033838868141174],0,Male,35,Greater than 45,African-American,3,2,2,0,M,PerturbTC34
[0.3638352155685425],0,[0.33033838868141174],0,Female,35,Greater than 45,African-American,3,2,2,0,M,PerturbTC34
[0.3917766809463501],0,[0.33033838868141174],0,Male,35,Greater than 45,Caucasian,3,2,2,0,M,PerturbTC34
[0.3656051754951477],0,[0.33033838868141174],0,Female,35,Greater than 45,Caucasian,3,2,2,0,M,PerturbTC34
[0.41032707691192627],0,[0.33033838868141174],0,Male,35,Greater than 45,Hispanic,3,2,2,0,M,PerturbTC34
[0.38369816541671753],0,[0.33033838868141174],0,Female,35,Greater than 45,Hispanic,3,2,2,0,M,PerturbTC34
[0.37617796659469604],0,[0.33033838868141174],0,Male,35,Greater than 45,Native American,3,2,2,0,M,PerturbTC34
[0.3504481315612793],0,[0.33033838868141174],0,Female,35,Greater than 45,Native American,3,2,2,0,M,PerturbTC34
[0.3680186867713928],0,[0.33033838868141174],0,Male,35,Greater than 45,Asian,3,2,2,0,M,PerturbTC34
[0.3425405025482178],0,[0.33033838868141174],0,Female,35,Greater than 45,Asian,3,2,2,0,M,PerturbTC34
[0.41284242272377014],0,[0.4490947425365448],0,Male,35,25 - 45,Other,2,1,3,1,M,PerturbTC35
[0.38615715503692627],0,[0.4490947425365448],0,Female,35,25 - 45,Other,2,1,3,1,M,PerturbTC35
[0.4490947425365448],0,[0.4490947425365448],0,Male,35,25 - 45,African-American,2,1,3,1,M,OrigionalTC35
[0.4217493534088135],0,[0.4490947425365448],0,Female,35,25 - 45,African-American,2,1,3,1,M,PerturbTC35
[0.45098549127578735],0,[0.4490947425365448],0,Male,35,25 - 45,Caucasian,2,1,3,1,M,PerturbTC35
[0.4236134886741638],0,[0.4490947425365448],0,Female,35,25 - 45,Caucasian,2,1,3,1,M,PerturbTC35
[0.4701722264289856],0,[0.4490947425365448],0,Male,35,25 - 45,Hispanic,2,1,3,1,M,PerturbTC35
[0.4425744414329529],0,[0.4490947425365448],0,Female,35,25 - 45,Hispanic,2,1,3,1,M,PerturbTC35
[0.43471428751945496],0,[0.4490947425365448],0,Male,35,25 - 45,Native American,2,1,3,1,M,PerturbTC35
[0.4075966775417328],0,[0.4490947425365448],0,Female,35,25 - 45,Native American,2,1,3,1,M,PerturbTC35
[0.42615270614624023],0,[0.4490947425365448],0,Male,35,25 - 45,Asian,2,1,3,1,M,PerturbTC35
[0.3991920053958893],0,[0.4490947425365448],0,Female,35,25 - 45,Asian,2,1,3,1,M,PerturbTC35
[0.5445573329925537],1,[0.5827909111976624],1,Male,35,25 - 45,Other,4,2,4,2,F,PerturbTC36
[0.5168526768684387],1,[0.5827909111976624],1,Female,35,25 - 45,Other,4,2,4,2,F,PerturbTC36
[0.5809322595596313],1,[0.5827909111976624],1,Male,35,25 - 45,African-American,4,2,4,2,F,PerturbTC36
[0.553626537322998],1,[0.5827909111976624],1,Female,35,25 - 45,African-American,4,2,4,2,F,PerturbTC36
[0.5827909111976624],1,[0.5827909111976624],1,Male,35,25 - 45,Caucasian,4,2,4,2,F,OrigionalTC36
[0.5555136203765869],1,[0.5827909111976624],1,Female,35,25 - 45,Caucasian,4,2,4,2,F,PerturbTC36
[0.6014421582221985],1,[0.5827909111976624],1,Male,35,25 - 45,Hispanic,4,2,4,2,F,PerturbTC36
[0.5744940042495728],1,[0.5827909111976624],1,Female,35,25 - 45,Hispanic,4,2,4,2,F,PerturbTC36
[0.566672682762146],1,[0.5827909111976624],1,Male,35,25 - 45,Native American,4,2,4,2,F,PerturbTC36
[0.5391748547554016],1,[0.5827909111976624],1,Female,35,25 - 45,Native American,4,2,4,2,F,PerturbTC36
[0.5580779314041138],1,[0.5827909111976624],1,Male,35,25 - 45,Asian,4,2,4,2,F,PerturbTC36
[0.5304865837097168],1,[0.5827909111976624],1,Female,35,25 - 45,Asian,4,2,4,2,F,PerturbTC36
[0.6535423994064331],1,[0.7042088508605957],1,Male,35,25 - 45,Other,6,3,5,3,F,PerturbTC37
[0.6279377341270447],1,[0.7042088508605957],1,Female,35,25 - 45,Other,6,3,5,3,F,PerturbTC37
[0.6862284541130066],1,[0.7042088508605957],1,Male,35,25 - 45,African-American,6,3,5,3,F,PerturbTC37
[0.6617892980575562],1,[0.7042088508605957],1,Female,35,25 - 45,African-American,6,3,5,3,F,PerturbTC37
[0.687870979309082],1,[0.7042088508605957],1,Male,35,25 - 45,Caucasian,6,3,5,3,F,PerturbTC37
[0.6634970307350159],1,[0.7042088508605957],1,Female,35,25 - 45,Caucasian,6,3,5,3,F,PerturbTC37
[0.7042088508605957],1,[0.7042088508605957],1,Male,35,25 - 45,Hispanic,6,3,5,3,F,OrigionalTC37
[0.6805181503295898],1,[0.7042088508605957],1,Female,35,25 - 45,Hispanic,6,3,5,3,F,PerturbTC37
[0.6735382676124573],1,[0.7042088508605957],1,Male,35,25 - 45,Native American,6,3,5,3,F,PerturbTC37
[0.6486168503761292],1,[0.7042088508605957],1,Female,35,25 - 45,Native American,6,3,5,3,F,PerturbTC37
[0.665813148021698],1,[0.7042088508605957],1,Male,35,25 - 45,Asian,6,3,5,3,F,PerturbTC37
[0.6406166553497314],1,[0.7042088508605957],1,Female,35,25 - 45,Asian,6,3,5,3,F,PerturbTC37
[0.8746070861816406],1,[0.8909571766853333],1,Male,35,Less than 25,Other,1,5,6,6,M,PerturbTC38
[0.7948082685470581],1,[0.8909571766853333],1,Female,35,Less than 25,Other,1,5,6,6,M,PerturbTC38
[0.8951990604400635],1,[0.8909571766853333],1,Male,35,Less than 25,African-American,1,5,6,6,M,PerturbTC38
[0.8159276247024536],1,[0.8909571766853333],1,Female,35,Less than 25,African-American,1,5,6,6,M,PerturbTC38
[0.872442364692688],1,[0.8909571766853333],1,Male,35,Less than 25,Caucasian,1,5,6,6,M,PerturbTC38
[0.7933359146118164],1,[0.8909571766853333],1,Female,35,Less than 25,Caucasian,1,5,6,6,M,PerturbTC38
[0.8897029161453247],1,[0.8909571766853333],1,Male,35,Less than 25,Hispanic,1,5,6,6,M,PerturbTC38
[0.8156390190124512],1,[0.8909571766853333],1,Female,35,Less than 25,Hispanic,1,5,6,6,M,PerturbTC38
[0.8909571766853333],1,[0.8909571766853333],1,Male,35,Less than 25,Native American,1,5,6,6,M,OrigionalTC38
[0.8144047856330872],1,[0.8909571766853333],1,Female,35,Less than 25,Native American,1,5,6,6,M,PerturbTC38
[0.8911030888557434],1,[0.8909571766853333],1,Male,35,Less than 25,Asian,1,5,6,6,M,PerturbTC38
[0.8167686462402344],1,[0.8909571766853333],1,Female,35,Less than 25,Asian,1,5,6,6,M,PerturbTC38
[0.8238980770111084],1,[0.8433587551116943],1,Male,35,Greater than 45,Other,2,3,7,8,F,PerturbTC39
[0.8233517408370972],1,[0.8433587551116943],1,Female,35,Greater than 45,Other,2,3,7,8,F,PerturbTC39
[0.8426162004470825],1,[0.8433587551116943],1,Male,35,Greater than 45,African-American,2,3,7,8,F,PerturbTC39
[0.8421168327331543],1,[0.8433587551116943],1,Female,35,Greater than 45,African-American,2,3,7,8,F,PerturbTC39
[0.8225878477096558],1,[0.8433587551116943],1,Male,35,Greater than 45,Caucasian,2,3,7,8,F,PerturbTC39
[0.8220382928848267],1,[0.8433587551116943],1,Female,35,Greater than 45,Caucasian,2,3,7,8,F,PerturbTC39
[0.842361330986023],1,[0.8433587551116943],1,Male,35,Greater than 45,Hispanic,2,3,7,8,F,PerturbTC39
[0.8418612480163574],1,[0.8433587551116943],1,Female,35,Greater than 45,Hispanic,2,3,7,8,F,PerturbTC39
[0.841271162033081],1,[0.8433587551116943],1,Male,35,Greater than 45,Native American,2,3,7,8,F,PerturbTC39
[0.8407682776451111],1,[0.8433587551116943],1,Female,35,Greater than 45,Native American,2,3,7,8,F,PerturbTC39
[0.8433587551116943],1,[0.8433587551116943],1,Male,35,Greater than 45,Asian,2,3,7,8,F,OrigionalTC39
[0.8428612351417542],1,[0.8433587551116943],1,Female,35,Greater than 45,Asian,2,3,7,8,F,PerturbTC39
[0.9309754371643066],1,[0.9309754371643066],1,Male,52,Less than 25,Other,0,0,0,18,F,OrigionalTC40
[0.8992072939872742],1,[0.9309754371643066],1,Female,52,Less than 25,Other,0,0,0,18,F,PerturbTC40
[0.9429148435592651],1,[0.9309754371643066],1,Male,52,Less than 25,African-American,0,0,0,18,F,PerturbTC40
[0.9107875227928162],1,[0.9309754371643066],1,Female,52,Less than 25,African-American,0,0,0,18,F,PerturbTC40
[0.9297056198120117],1,[0.9309754371643066],1,Male,52,Less than 25,Caucasian,0,0,0,18,F,PerturbTC40
[0.8983883261680603],1,[0.9309754371643066],1,Female,52,Less than 25,Caucasian,0,0,0,18,F,PerturbTC40
[0.9397526979446411],1,[0.9309754371643066],1,Male,52,Less than 25,Hispanic,0,0,0,18,F,PerturbTC40
[0.9106313586235046],1,[0.9309754371643066],1,Female,52,Less than 25,Hispanic,0,0,0,18,F,PerturbTC40
[0.9404758214950562],1,[0.9309754371643066],1,Male,52,Less than 25,Native American,0,0,0,18,F,PerturbTC40
[0.9099628925323486],1,[0.9309754371643066],1,Female,52,Less than 25,Native American,0,0,0,18,F,PerturbTC40
[0.9405598640441895],1,[0.9309754371643066],1,Male,52,Less than 25,Asian,0,0,0,18,F,PerturbTC40
[0.9112423062324524],1,[0.9309754371643066],1,Female,52,Less than 25,Asian,0,0,0,18,F,PerturbTC40
[0.19756489992141724],0,[0.20343655347824097],0,Male,52,Greater than 45,Other,3,1,1,0,M,PerturbTC41
[0.18051663041114807],0,[0.20343655347824097],0,Female,52,Greater than 45,Other,3,1,1,0,M,PerturbTC41
[0.2220628261566162],0,[0.20343655347824097],0,Male,52,Greater than 45,African-American,3,1,1,0,M,PerturbTC41
[0.20343655347824097],0,[0.20343655347824097],0,Female,52,Greater than 45,African-American,3,1,1,0,M,OrigionalTC41
[0.2233853042125702],0,[0.20343655347824097],0,Male,52,Greater than 45,Caucasian,3,1,1,0,M,PerturbTC41
[0.2046772837638855],0,[0.20343655347824097],0,Female,52,Greater than 45,Caucasian,3,1,1,0,M,PerturbTC41
[0.2370702624320984],0,[0.20343655347824097],0,Male,52,Greater than 45,Hispanic,3,1,1,0,M,PerturbTC41
[0.21753719449043274],0,[0.20343655347824097],0,Female,52,Greater than 45,Hispanic,3,1,1,0,M,PerturbTC41
[0.2121526002883911],0,[0.20343655347824097],0,Male,52,Greater than 45,Native American,3,1,1,0,M,PerturbTC41
[0.19415006041526794],0,[0.20343655347824097],0,Female,52,Greater than 45,Native American,3,1,1,0,M,PerturbTC41
[0.20637398958206177],0,[0.20343655347824097],0,Male,52,Greater than 45,Asian,3,1,1,0,M,PerturbTC41
[0.18874439597129822],0,[0.20343655347824097],0,Female,52,Greater than 45,Asian,3,1,1,0,M,PerturbTC41
[0.2538489103317261],0,[0.26232510805130005],0,Male,52,25 - 45,Other,4,3,2,1,F,PerturbTC42
[0.23335617780685425],0,[0.26232510805130005],0,Female,52,25 - 45,Other,4,3,2,1,F,PerturbTC42
[0.2828657329082489],0,[0.26232510805130005],0,Male,52,25 - 45,African-American,4,3,2,1,F,PerturbTC42
[0.2608495354652405],0,[0.26232510805130005],0,Female,52,25 - 45,African-American,4,3,2,1,F,PerturbTC42
[0.284417986869812],0,[0.26232510805130005],0,Male,52,25 - 45,Caucasian,4,3,2,1,F,PerturbTC42
[0.26232510805130005],0,[0.26232510805130005],0,Female,52,25 - 45,Caucasian,4,3,2,1,F,OrigionalTC42
[0.3003956079483032],0,[0.26232510805130005],0,Male,52,25 - 45,Hispanic,4,3,2,1,F,PerturbTC42
[0.2775430381298065],0,[0.26232510805130005],0,Female,52,25 - 45,Hispanic,4,3,2,1,F,PerturbTC42
[0.2711879014968872],0,[0.26232510805130005],0,Male,52,25 - 45,Native American,4,3,2,1,F,PerturbTC42
[0.24976402521133423],0,[0.26232510805130005],0,Female,52,25 - 45,Native American,4,3,2,1,F,PerturbTC42
[0.264340877532959],0,[0.26232510805130005],0,Male,52,25 - 45,Asian,4,3,2,1,F,PerturbTC42
[0.24327737092971802],0,[0.26232510805130005],0,Female,52,25 - 45,Asian,4,3,2,1,F,PerturbTC42
[0.39890506863594055],0,[0.32814446091651917],0,Male,52,Less than 25,Other,6,5,3,2,F,PerturbTC43
[0.2790127992630005],0,[0.32814446091651917],0,Female,52,Less than 25,Other,6,5,3,2,F,PerturbTC43
[0.451574444770813],0,[0.32814446091651917],0,Male,52,Less than 25,African-American,6,5,3,2,F,PerturbTC43
[0.30971211194992065],0,[0.32814446091651917],0,Female,52,Less than 25,African-American,6,5,3,2,F,PerturbTC43
[0.4341147541999817],0,[0.32814446091651917],0,Male,52,Less than 25,Caucasian,6,5,3,2,F,PerturbTC43
[0.3113476634025574],0,[0.32814446091651917],0,Female,52,Less than 25,Caucasian,6,5,3,2,F,PerturbTC43
[0.4588961899280548],0,[0.32814446091651917],0,Male,52,Less than 25,Hispanic,6,5,3,2,F,PerturbTC43
[0.32814446091651917],0,[0.32814446091651917],0,Female,52,Less than 25,Hispanic,6,5,3,2,F,OrigionalTC43
[0.428752064704895],0,[0.32814446091651917],0,Male,52,Less than 25,Native American,6,5,3,2,F,PerturbTC43
[0.297385573387146],0,[0.32814446091651917],0,Female,52,Less than 25,Native American,6,5,3,2,F,PerturbTC43
[0.4167614281177521],0,[0.32814446091651917],0,Male,52,Less than 25,Asian,6,5,3,2,F,PerturbTC43
[0.29014042019844055],0,[0.32814446091651917],0,Female,52,Less than 25,Asian,6,5,3,2,F,PerturbTC43
[0.5043109655380249],1,[0.39378103613853455],0,Male,52,Less than 25,Other,1,1,4,3,F,PerturbTC44
[0.3726111054420471],0,[0.39378103613853455],0,Female,52,Less than 25,Other,1,1,4,3,F,PerturbTC44
[0.5579785704612732],1,[0.39378103613853455],0,Male,52,Less than 25,African-American,1,1,4,3,F,PerturbTC44
[0.40778422355651855],0,[0.39378103613853455],0,Female,52,Less than 25,African-American,1,1,4,3,F,PerturbTC44
[0.5404590964317322],1,[0.39378103613853455],0,Male,52,Less than 25,Caucasian,1,1,4,3,F,PerturbTC44
[0.40963035821914673],0,[0.39378103613853455],0,Female,52,Less than 25,Caucasian,1,1,4,3,F,PerturbTC44
[0.5652474164962769],1,[0.39378103613853455],0,Male,52,Less than 25,Hispanic,1,1,4,3,F,PerturbTC44
[0.4284306466579437],0,[0.39378103613853455],0,Female,52,Less than 25,Hispanic,1,1,4,3,F,PerturbTC44
[0.5350248217582703],1,[0.39378103613853455],0,Male,52,Less than 25,Native American,1,1,4,3,F,PerturbTC44
[0.39378103613853455],0,[0.39378103613853455],0,Female,52,Less than 25,Native American,1,1,4,3,F,OrigionalTC44
[0.522782027721405],1,[0.39378103613853455],0,Male,52,Less than 25,Asian,1,1,4,3,F,PerturbTC44
[0.38547584414482117],0,[0.39378103613853455],0,Female,52,Less than 25,Asian,1,1,4,3,F,PerturbTC44
[0.7136630415916443],1,[0.7136630415916443],1,Male,52,Greater than 45,Other,2,2,5,6,M,PerturbTC45
[0.7136630415916443],1,[0.7136630415916443],1,Female,52,Greater than 45,Other,2,2,5,6,M,PerturbTC45
[0.7136630415916443],1,[0.7136630415916443],1,Male,52,Greater than 45,African-American,2,2,5,6,M,PerturbTC45
[0.7136630415916443],1,[0.7136630415916443],1,Female,52,Greater than 45,African-American,2,2,5,6,M,PerturbTC45
[0.7136630415916443],1,[0.7136630415916443],1,Male,52,Greater than 45,Caucasian,2,2,5,6,M,PerturbTC45
[0.7136630415916443],1,[0.7136630415916443],1,Female,52,Greater than 45,Caucasian,2,2,5,6,M,PerturbTC45
[0.7136630415916443],1,[0.7136630415916443],1,Male,52,Greater than 45,Hispanic,2,2,5,6,M,PerturbTC45
[0.7136630415916443],1,[0.7136630415916443],1,Female,52,Greater than 45,Hispanic,2,2,5,6,M,PerturbTC45
[0.7136630415916443],1,[0.7136630415916443],1,Male,52,Greater than 45,Native American,2,2,5,6,M,PerturbTC45
[0.7136630415916443],1,[0.7136630415916443],1,Female,52,Greater than 45,Native American,2,2,5,6,M,PerturbTC45
[0.7136630415916443],1,[0.7136630415916443],1,Male,52,Greater than 45,Asian,2,2,5,6,M,OrigionalTC45
[0.7136630415916443],1,[0.7136630415916443],1,Female,52,Greater than 45,Asian,2,2,5,6,M,PerturbTC45
[0.7136630415916443],1,[0.7136630415916443],1,Male,52,Greater than 45,Other,4,1,6,8,M,PerturbTC46
[0.7136630415916443],1,[0.7136630415916443],1,Female,52,Greater than 45,Other,4,1,6,8,M,OrigionalTC46
[0.7136630415916443],1,[0.7136630415916443],1,Male,52,Greater than 45,African-American,4,1,6,8,M,PerturbTC46
[0.7136630415916443],1,[0.7136630415916443],1,Female,52,Greater than 45,African-American,4,1,6,8,M,PerturbTC46
[0.7136630415916443],1,[0.7136630415916443],1,Male,52,Greater than 45,Caucasian,4,1,6,8,M,PerturbTC46
[0.7136630415916443],1,[0.7136630415916443],1,Female,52,Greater than 45,Caucasian,4,1,6,8,M,PerturbTC46
[0.7136630415916443],1,[0.7136630415916443],1,Male,52,Greater than 45,Hispanic,4,1,6,8,M,PerturbTC46
[0.7136630415916443],1,[0.7136630415916443],1,Female,52,Greater than 45,Hispanic,4,1,6,8,M,PerturbTC46
[0.7136630415916443],1,[0.7136630415916443],1,Male,52,Greater than 45,Native American,4,1,6,8,M,PerturbTC46
[0.7136630415916443],1,[0.7136630415916443],1,Female,52,Greater than 45,Native American,4,1,6,8,M,PerturbTC46
[0.7136630415916443],1,[0.7136630415916443],1,Male,52,Greater than 45,Asian,4,1,6,8,M,PerturbTC46
[0.7136630415916443],1,[0.7136630415916443],1,Female,52,Greater than 45,Asian,4,1,6,8,M,PerturbTC46
[0.9147206544876099],1,[0.9244053363800049],1,Male,52,Greater than 45,Other,6,3,7,18,M,PerturbTC47
[0.9144266843795776],1,[0.9244053363800049],1,Female,52,Greater than 45,Other,6,3,7,18,M,PerturbTC47
[0.9246677160263062],1,[0.9244053363800049],1,Male,52,Greater than 45,African-American,6,3,7,18,M,PerturbTC47
[0.9244053363800049],1,[0.9244053363800049],1,Female,52,Greater than 45,African-American,6,3,7,18,M,OrigionalTC47
[0.914015531539917],1,[0.9244053363800049],1,Male,52,Greater than 45,Caucasian,6,3,7,18,M,PerturbTC47
[0.9137195348739624],1,[0.9244053363800049],1,Female,52,Greater than 45,Caucasian,6,3,7,18,M,PerturbTC47
[0.9245338439941406],1,[0.9244053363800049],1,Male,52,Greater than 45,Hispanic,6,3,7,18,M,PerturbTC47
[0.9242709875106812],1,[0.9244053363800049],1,Female,52,Greater than 45,Hispanic,6,3,7,18,M,PerturbTC47
[0.9239606261253357],1,[0.9244053363800049],1,Male,52,Greater than 45,Native American,6,3,7,18,M,PerturbTC47
[0.923695981502533],1,[0.9244053363800049],1,Female,52,Greater than 45,Native American,6,3,7,18,M,PerturbTC47
[0.9250576496124268],1,[0.9244053363800049],1,Male,52,Greater than 45,Asian,6,3,7,18,M,PerturbTC47
[0.924796462059021],1,[0.9244053363800049],1,Female,52,Greater than 45,Asian,6,3,7,18,M,PerturbTC47
[0.19091296195983887],0,[0.21065130829811096],0,Male,54,Less than 25,Other,0,0,0,0,F,PerturbTC48
[0.12205326557159424],0,[0.21065130829811096],0,Female,54,Less than 25,Other,0,0,0,0,F,PerturbTC48
[0.22646668553352356],0,[0.21065130829811096],0,Male,54,Less than 25,African-American,0,0,0,0,F,PerturbTC48
[0.138807475566864],0,[0.21065130829811096],0,Female,54,Less than 25,African-American,0,0,0,0,F,PerturbTC48
[0.2143094837665558],0,[0.21065130829811096],0,Male,54,Less than 25,Caucasian,0,0,0,0,F,PerturbTC48
[0.13972324132919312],0,[0.21065130829811096],0,Female,54,Less than 25,Caucasian,0,0,0,0,F,PerturbTC48
[0.2316804826259613],0,[0.21065130829811096],0,Male,54,Less than 25,Hispanic,0,0,0,0,F,PerturbTC48
[0.1492680013179779],0,[0.21065130829811096],0,Female,54,Less than 25,Hispanic,0,0,0,0,F,PerturbTC48
[0.21065130829811096],0,[0.21065130829811096],0,Male,54,Less than 25,Native American,0,0,0,0,F,OrigionalTC48
[0.1319824457168579],0,[0.21065130829811096],0,Female,54,Less than 25,Native American,0,0,0,0,F,PerturbTC48
[0.2025969922542572],0,[0.21065130829811096],0,Male,54,Less than 25,Asian,0,0,0,0,F,PerturbTC48
[0.12803268432617188],0,[0.21065130829811096],0,Female,54,Less than 25,Asian,0,0,0,0,F,PerturbTC48
[0.2568206191062927],0,[0.2461661696434021],0,Male,54,Greater than 45,Other,3,2,1,1,M,PerturbTC49
[0.23616397380828857],0,[0.2461661696434021],0,Female,54,Greater than 45,Other,3,2,1,1,M,PerturbTC49
[0.28604695200920105],0,[0.2461661696434021],0,Male,54,Greater than 45,African-American,3,2,1,1,M,PerturbTC49
[0.26387423276901245],0,[0.2461661696434021],0,Female,54,Greater than 45,African-American,3,2,1,1,M,PerturbTC49
[0.28760963678359985],0,[0.2461661696434021],0,Male,54,Greater than 45,Caucasian,3,2,1,1,M,PerturbTC49
[0.2653608024120331],0,[0.2461661696434021],0,Female,54,Greater than 45,Caucasian,3,2,1,1,M,PerturbTC49
[0.30369049310684204],0,[0.2461661696434021],0,Male,54,Greater than 45,Hispanic,3,2,1,1,M,PerturbTC49
[0.2806878089904785],0,[0.2461661696434021],0,Female,54,Greater than 45,Hispanic,3,2,1,1,M,PerturbTC49
[0.27428799867630005],0,[0.2461661696434021],0,Male,54,Greater than 45,Native American,3,2,1,1,M,PerturbTC49
[0.2527041733264923],0,[0.2461661696434021],0,Female,54,Greater than 45,Native American,3,2,1,1,M,PerturbTC49
[0.2673914432525635],0,[0.2461661696434021],0,Male,54,Greater than 45,Asian,3,2,1,1,M,PerturbTC49
[0.2461661696434021],0,[0.2461661696434021],0,Female,54,Greater than 45,Asian,3,2,1,1,M,OrigionalTC49
[0.3201855421066284],0,[0.2964653968811035],0,Male,54,25 - 45,Other,1,3,2,2,F,PerturbTC50
[0.2964653968811035],0,[0.2964653968811035],0,Female,54,25 - 45,Other,1,3,2,2,F,OrigionalTC50
[0.35319581627845764],0,[0.2964653968811035],0,Male,54,25 - 45,African-American,1,3,2,2,F,PerturbTC50
[0.32821083068847656],0,[0.2964653968811035],0,Female,54,25 - 45,African-American,1,3,2,2,F,PerturbTC50
[0.3549429178237915],0,[0.2964653968811035],0,Male,54,25 - 45,Caucasian,1,3,2,2,F,PerturbTC50
[0.3298974335193634],0,[0.2964653968811035],0,Female,54,25 - 45,Caucasian,1,3,2,2,F,PerturbTC50
[0.37281835079193115],0,[0.2964653968811035],0,Male,54,25 - 45,Hispanic,1,3,2,2,F,PerturbTC50
[0.34719038009643555],0,[0.2964653968811035],0,Female,54,25 - 45,Hispanic,1,3,2,2,F,PerturbTC50
[0.33999103307724],0,[0.2964653968811035],0,Male,54,25 - 45,Native American,1,3,2,2,F,PerturbTC50
[0.31548455357551575],0,[0.2964653968811035],0,Female,54,25 - 45,Native American,1,3,2,2,F,PerturbTC50
[0.3321986198425293],0,[0.2964653968811035],0,Male,54,25 - 45,Asian,1,3,2,2,F,PerturbTC50
[0.30799174308776855],0,[0.2964653968811035],0,Female,54,25 - 45,Asian,1,3,2,2,F,PerturbTC50
[0.40890389680862427],0,[0.44507256150245667],0,Male,54,25 - 45,Other,4,5,3,3,M,PerturbTC51
[0.3823074400424957],0,[0.44507256150245667],0,Female,54,25 - 45,Other,4,5,3,3,M,PerturbTC51
[0.44507256150245667],0,[0.44507256150245667],0,Male,54,25 - 45,African-American,4,5,3,3,M,OrigionalTC51
[0.4177863597869873],0,[0.44507256150245667],0,Female,54,25 - 45,African-American,4,5,3,3,M,PerturbTC51
[0.44696009159088135],0,[0.44507256150245667],0,Male,54,25 - 45,Caucasian,4,5,3,3,M,PerturbTC51
[0.4196456968784332],0,[0.44507256150245667],0,Female,54,25 - 45,Caucasian,4,5,3,3,M,PerturbTC51
[0.46612101793289185],0,[0.44507256150245667],0,Male,54,25 - 45,Hispanic,4,5,3,3,M,PerturbTC51
[0.4385641813278198],0,[0.44507256150245667],0,Female,54,25 - 45,Hispanic,4,5,3,3,M,PerturbTC51
[0.4307202398777008],0,[0.44507256150245667],0,Male,54,25 - 45,Native American,4,5,3,3,M,PerturbTC51
[0.40367382764816284],0,[0.44507256150245667],0,Female,54,25 - 45,Native American,4,5,3,3,M,PerturbTC51
[0.4221785366535187],0,[0.44507256150245667],0,Male,54,25 - 45,Asian,4,5,3,3,M,PerturbTC51
[0.3952960669994354],0,[0.44507256150245667],0,Female,54,25 - 45,Asian,4,5,3,3,M,PerturbTC51
[0.7136630415916443],1,[0.7136630415916443],1,Male,54,Greater than 45,Other,2,1,4,6,M,PerturbTC52
[0.7136630415916443],1,[0.7136630415916443],1,Female,54,Greater than 45,Other,2,1,4,6,M,PerturbTC52
[0.7136630415916443],1,[0.7136630415916443],1,Male,54,Greater than 45,African-American,2,1,4,6,M,PerturbTC52
[0.7136630415916443],1,[0.7136630415916443],1,Female,54,Greater than 45,African-American,2,1,4,6,M,PerturbTC52
[0.7136630415916443],1,[0.7136630415916443],1,Male,54,Greater than 45,Caucasian,2,1,4,6,M,PerturbTC52
[0.7136630415916443],1,[0.7136630415916443],1,Female,54,Greater than 45,Caucasian,2,1,4,6,M,OrigionalTC52
[0.7136630415916443],1,[0.7136630415916443],1,Male,54,Greater than 45,Hispanic,2,1,4,6,M,PerturbTC52
[0.7136630415916443],1,[0.7136630415916443],1,Female,54,Greater than 45,Hispanic,2,1,4,6,M,PerturbTC52
[0.7136630415916443],1,[0.7136630415916443],1,Male,54,Greater than 45,Native American,2,1,4,6,M,PerturbTC52
[0.7136630415916443],1,[0.7136630415916443],1,Female,54,Greater than 45,Native American,2,1,4,6,M,PerturbTC52
[0.7136630415916443],1,[0.7136630415916443],1,Male,54,Greater than 45,Asian,2,1,4,6,M,PerturbTC52
[0.7136630415916443],1,[0.7136630415916443],1,Female,54,Greater than 45,Asian,2,1,4,6,M,PerturbTC52
[0.7136630415916443],1,[0.7136630415916443],1,Male,54,25 - 45,Other,3,1,5,8,F,PerturbTC53
[0.7136630415916443],1,[0.7136630415916443],1,Female,54,25 - 45,Other,3,1,5,8,F,PerturbTC53
[0.7136630415916443],1,[0.7136630415916443],1,Male,54,25 - 45,African-American,3,1,5,8,F,PerturbTC53
[0.7136630415916443],1,[0.7136630415916443],1,Female,54,25 - 45,African-American,3,1,5,8,F,PerturbTC53
[0.7136630415916443],1,[0.7136630415916443],1,Male,54,25 - 45,Caucasian,3,1,5,8,F,PerturbTC53
[0.7136630415916443],1,[0.7136630415916443],1,Female,54,25 - 45,Caucasian,3,1,5,8,F,PerturbTC53
[0.7136630415916443],1,[0.7136630415916443],1,Male,54,25 - 45,Hispanic,3,1,5,8,F,PerturbTC53
[0.7136630415916443],1,[0.7136630415916443],1,Female,54,25 - 45,Hispanic,3,1,5,8,F,OrigionalTC53
[0.7136630415916443],1,[0.7136630415916443],1,Male,54,25 - 45,Native American,3,1,5,8,F,PerturbTC53
[0.7136630415916443],1,[0.7136630415916443],1,Female,54,25 - 45,Native American,3,1,5,8,F,PerturbTC53
[0.7136630415916443],1,[0.7136630415916443],1,Male,54,25 - 45,Asian,3,1,5,8,F,PerturbTC53
[0.7136630415916443],1,[0.7136630415916443],1,Female,54,25 - 45,Asian,3,1,5,8,F,PerturbTC53
[0.9522807598114014],1,[0.9584696292877197],1,Male,54,Less than 25,Other,2,2,6,18,M,PerturbTC54
[0.9183781147003174],1,[0.9584696292877197],1,Female,54,Less than 25,Other,2,2,6,18,M,PerturbTC54
[0.9606904983520508],1,[0.9584696292877197],1,Male,54,Less than 25,African-American,2,2,6,18,M,PerturbTC54
[0.9279322624206543],1,[0.9584696292877197],1,Female,54,Less than 25,African-American,2,2,6,18,M,PerturbTC54
[0.9513823986053467],1,[0.9584696292877197],1,Male,54,Less than 25,Caucasian,2,2,6,18,M,PerturbTC54
[0.9177005290985107],1,[0.9584696292877197],1,Female,54,Less than 25,Caucasian,2,2,6,18,M,PerturbTC54
[0.9584696292877197],1,[0.9584696292877197],1,Male,54,Less than 25,Hispanic,2,2,6,18,M,OrigionalTC54
[0.9278036952018738],1,[0.9584696292877197],1,Female,54,Less than 25,Hispanic,2,2,6,18,M,PerturbTC54
[0.9589779376983643],1,[0.9584696292877197],1,Male,54,Less than 25,Native American,2,2,6,18,M,PerturbTC54
[0.9272533655166626],1,[0.9584696292877197],1,Female,54,Less than 25,Native American,2,2,6,18,M,PerturbTC54
[0.9590369462966919],1,[0.9584696292877197],1,Male,54,Less than 25,Asian,2,2,6,18,M,PerturbTC54
[0.928306519985199],1,[0.9584696292877197],1,Female,54,Less than 25,Asian,2,2,6,18,M,PerturbTC54
[0.20928409695625305],0,[0.22449493408203125],0,Male,54,Greater than 45,Other,6,3,7,0,F,PerturbTC55
[0.191465824842453],0,[0.22449493408203125],0,Female,54,Greater than 45,Other,6,3,7,0,F,PerturbTC55
[0.23480987548828125],0,[0.22449493408203125],0,Male,54,Greater than 45,African-American,6,3,7,0,F,PerturbTC55
[0.21541047096252441],0,[0.22449493408203125],0,Female,54,Greater than 45,African-American,6,3,7,0,F,PerturbTC55
[0.2361852526664734],0,[0.22449493408203125],0,Male,54,Greater than 45,Caucasian,6,3,7,0,F,PerturbTC55
[0.21670442819595337],0,[0.22449493408203125],0,Female,54,Greater than 45,Caucasian,6,3,7,0,F,PerturbTC55
[0.2504015564918518],0,[0.22449493408203125],0,Male,54,Greater than 45,Hispanic,6,3,7,0,F,PerturbTC55
[0.2301013171672821],0,[0.22449493408203125],0,Female,54,Greater than 45,Hispanic,6,3,7,0,F,PerturbTC55
[0.22449493408203125],0,[0.22449493408203125],0,Male,54,Greater than 45,Native American,6,3,7,0,F,OrigionalTC55
[0.20571857690811157],0,[0.22449493408203125],0,Female,54,Greater than 45,Native American,6,3,7,0,F,PerturbTC55
[0.2184734344482422],0,[0.22449493408203125],0,Male,54,Greater than 45,Asian,6,3,7,0,F,PerturbTC55
[0.20007076859474182],0,[0.22449493408203125],0,Female,54,Greater than 45,Asian,6,3,7,0,F,PerturbTC55
[0.1345774233341217],0,[0.14956802129745483],0,Male,72,Less than 25,Other,0,0,0,1,F,PerturbTC56
[0.08467793464660645],0,[0.14956802129745483],0,Female,72,Less than 25,Other,0,0,0,1,F,PerturbTC56
[0.1617370843887329],0,[0.14956802129745483],0,Male,72,Less than 25,African-American,0,0,0,1,F,PerturbTC56
[0.09686771035194397],0,[0.14956802129745483],0,Female,72,Less than 25,African-American,0,0,0,1,F,PerturbTC56
[0.15237021446228027],0,[0.14956802129745483],0,Male,72,Less than 25,Caucasian,0,0,0,1,F,PerturbTC56
[0.09753808379173279],0,[0.14956802129745483],0,Female,72,Less than 25,Caucasian,0,0,0,1,F,PerturbTC56
[0.1657799780368805],0,[0.14956802129745483],0,Male,72,Less than 25,Hispanic,0,0,0,1,F,PerturbTC56
[0.10455131530761719],0,[0.14956802129745483],0,Female,72,Less than 25,Hispanic,0,0,0,1,F,PerturbTC56
[0.14956802129745483],0,[0.14956802129745483],0,Male,72,Less than 25,Native American,0,0,0,1,F,OrigionalTC56
[0.09188476204872131],0,[0.14956802129745483],0,Female,72,Less than 25,Native American,0,0,0,1,F,PerturbTC56
[0.1434248387813568],0,[0.14956802129745483],0,Male,72,Less than 25,Asian,0,0,0,1,F,PerturbTC56
[0.08901193737983704],0,[0.14956802129745483],0,Female,72,Less than 25,Asian,0,0,0,1,F,PerturbTC56
[0.1854059100151062],0,[0.1770084798336029],0,Male,72,Greater than 45,Other,1,2,1,2,M,PerturbTC57
[0.16918563842773438],0,[0.1770084798336029],0,Female,72,Greater than 45,Other,1,2,1,2,M,PerturbTC57
[0.20878839492797852],0,[0.1770084798336029],0,Male,72,Greater than 45,African-American,1,2,1,2,M,PerturbTC57
[0.19100213050842285],0,[0.1770084798336029],0,Female,72,Greater than 45,African-American,1,2,1,2,M,PerturbTC57
[0.21005314588546753],0,[0.1770084798336029],0,Male,72,Greater than 45,Caucasian,1,2,1,2,M,PerturbTC57
[0.1921854019165039],0,[0.1770084798336029],0,Female,72,Greater than 45,Caucasian,1,2,1,2,M,PerturbTC57
[0.22315606474876404],0,[0.1770084798336029],0,Male,72,Greater than 45,Hispanic,1,2,1,2,M,PerturbTC57
[0.2044622004032135],0,[0.1770084798336029],0,Female,72,Greater than 45,Hispanic,1,2,1,2,M,PerturbTC57
[0.1993187665939331],0,[0.1770084798336029],0,Male,72,Greater than 45,Native American,1,2,1,2,M,PerturbTC57
[0.18215352296829224],0,[0.1770084798336029],0,Female,72,Greater than 45,Native American,1,2,1,2,M,PerturbTC57
[0.1938038170337677],0,[0.1770084798336029],0,Male,72,Greater than 45,Asian,1,2,1,2,M,PerturbTC57
[0.1770084798336029],0,[0.1770084798336029],0,Female,72,Greater than 45,Asian,1,2,1,2,M,OrigionalTC57
[0.23956483602523804],0,[0.23956483602523804],0,Male,72,25 - 45,Other,2,3,2,3,F,OrigionalTC58
[0.2198854684829712],0,[0.23956483602523804],0,Female,72,25 - 45,Other,2,3,2,3,F,PerturbTC58
[0.26753437519073486],0,[0.23956483602523804],0,Male,72,25 - 45,African-American,2,3,2,3,F,PerturbTC58
[0.246301531791687],0,[0.23956483602523804],0,Female,72,25 - 45,African-American,2,3,2,3,F,PerturbTC58
[0.2690340280532837],0,[0.23956483602523804],0,Male,72,25 - 45,Caucasian,2,3,2,3,F,PerturbTC58
[0.24772250652313232],0,[0.23956483602523804],0,Female,72,25 - 45,Caucasian,2,3,2,3,F,PerturbTC58
[0.28449106216430664],0,[0.23956483602523804],0,Male,72,25 - 45,Hispanic,2,3,2,3,F,PerturbTC58
[0.26239460706710815],0,[0.23956483602523804],0,Female,72,25 - 45,Hispanic,2,3,2,3,F,PerturbTC58
[0.25626325607299805],0,[0.23956483602523804],0,Male,72,25 - 45,Native American,2,3,2,3,F,PerturbTC58
[0.23563727736473083],0,[0.23956483602523804],0,Female,72,25 - 45,Native American,2,3,2,3,F,PerturbTC58
[0.24966400861740112],0,[0.23956483602523804],0,Male,72,25 - 45,Asian,2,3,2,3,F,PerturbTC58
[0.22940531373023987],0,[0.23956483602523804],0,Female,72,25 - 45,Asian,2,3,2,3,F,PerturbTC58
[0.5715514421463013],1,[0.6073250770568848],1,Male,72,Greater than 45,Other,3,5,3,6,M,PerturbTC59
[0.5441141128540039],1,[0.6073250770568848],1,Female,72,Greater than 45,Other,3,5,3,6,M,PerturbTC59
[0.6073250770568848],1,[0.6073250770568848],1,Male,72,Greater than 45,African-American,3,5,3,6,M,OrigionalTC59
[0.580497145652771],1,[0.6073250770568848],1,Female,72,Greater than 45,African-American,3,5,3,6,M,PerturbTC59
[0.6091454029083252],1,[0.6073250770568848],1,Male,72,Greater than 45,Caucasian,3,5,3,6,M,PerturbTC59
[0.582356333732605],1,[0.6073250770568848],1,Female,72,Greater than 45,Caucasian,3,5,3,6,M,PerturbTC59
[0.6273717880249023],1,[0.6073250770568848],1,Male,72,Greater than 45,Hispanic,3,5,3,6,M,PerturbTC59
[0.6010137796401978],1,[0.6073250770568848],1,Female,72,Greater than 45,Hispanic,3,5,3,6,M,PerturbTC59
[0.5933348536491394],1,[0.6073250770568848],1,Male,72,Greater than 45,Native American,3,5,3,6,M,PerturbTC59
[0.5662338137626648],1,[0.6073250770568848],1,Female,72,Greater than 45,Native American,3,5,3,6,M,PerturbTC59
[0.5848815441131592],1,[0.6073250770568848],1,Male,72,Greater than 45,Asian,3,5,3,6,M,PerturbTC59
[0.5576372146606445],1,[0.6073250770568848],1,Female,72,Greater than 45,Asian,3,5,3,6,M,PerturbTC59
[0.780606746673584],1,[0.7101802229881287],1,Male,72,Less than 25,Other,6,1,4,8,F,PerturbTC60
[0.6771537065505981],1,[0.7101802229881287],1,Female,72,Less than 25,Other,6,1,4,8,F,PerturbTC60
[0.8019105195999146],1,[0.7101802229881287],1,Male,72,Less than 25,African-American,6,1,4,8,F,PerturbTC60
[0.7086053490638733],1,[0.7101802229881287],1,Female,72,Less than 25,African-American,6,1,4,8,F,PerturbTC60
[0.7891596555709839],1,[0.7101802229881287],1,Male,72,Less than 25,Caucasian,6,1,4,8,F,PerturbTC60
[0.7101802229881287],1,[0.7101802229881287],1,Female,72,Less than 25,Caucasian,6,1,4,8,F,OrigionalTC60
[0.7929707169532776],1,[0.7101802229881287],1,Male,72,Less than 25,Hispanic,6,1,4,8,F,PerturbTC60
[0.7136630415916443],1,[0.7101802229881287],1,Female,72,Less than 25,Hispanic,6,1,4,8,F,PerturbTC60
[0.7964022755622864],1,[0.7101802229881287],1,Male,72,Less than 25,Native American,6,1,4,8,F,PerturbTC60
[0.6964198350906372],1,[0.7101802229881287],1,Female,72,Less than 25,Native American,6,1,4,8,F,PerturbTC60
[0.7930079102516174],1,[0.7101802229881287],1,Male,72,Less than 25,Asian,6,1,4,8,F,PerturbTC60
[0.6889861226081848],1,[0.7101802229881287],1,Female,72,Less than 25,Asian,6,1,4,8,F,PerturbTC60
[0.7153868079185486],1,[0.7409383058547974],1,Male,72,Greater than 45,Other,1,2,5,18,M,PerturbTC61
[0.7146204113960266],1,[0.7409383058547974],1,Female,72,Greater than 45,Other,1,2,5,18,M,PerturbTC61
[0.7420273423194885],1,[0.7409383058547974],1,Male,72,Greater than 45,African-American,1,2,5,18,M,PerturbTC61
[0.7413067817687988],1,[0.7409383058547974],1,Female,72,Greater than 45,African-American,1,2,5,18,M,PerturbTC61
[0.7136630415916443],1,[0.7409383058547974],1,Male,72,Greater than 45,Caucasian,1,2,5,18,M,PerturbTC61
[0.7136630415916443],1,[0.7409383058547974],1,Female,72,Greater than 45,Caucasian,1,2,5,18,M,PerturbTC61
[0.7416595220565796],1,[0.7409383058547974],1,Male,72,Greater than 45,Hispanic,1,2,5,18,M,PerturbTC61
[0.7409383058547974],1,[0.7409383058547974],1,Female,72,Greater than 45,Hispanic,1,2,5,18,M,OrigionalTC61
[0.7400878071784973],1,[0.7409383058547974],1,Male,72,Greater than 45,Native American,1,2,5,18,M,PerturbTC61
[0.7393637299537659],1,[0.7409383058547974],1,Female,72,Greater than 45,Native American,1,2,5,18,M,PerturbTC61
[0.7430998086929321],1,[0.7409383058547974],1,Male,72,Greater than 45,Asian,1,2,5,18,M,PerturbTC61
[0.7423811554908752],1,[0.7409383058547974],1,Female,72,Greater than 45,Asian,1,2,5,18,M,PerturbTC61
[0.09371030330657959],0,[0.09686794877052307],0,Male,72,Greater than 45,Other,4,3,6,0,M,PerturbTC62
[0.08467820286750793],0,[0.09686794877052307],0,Female,72,Greater than 45,Other,4,3,6,0,M,PerturbTC62
[0.10704830288887024],0,[0.09686794877052307],0,Male,72,Greater than 45,African-American,4,3,6,0,M,PerturbTC62
[0.09686794877052307],0,[0.09686794877052307],0,Female,72,Greater than 45,African-American,4,3,6,0,M,OrigionalTC62
[0.10778069496154785],0,[0.09686794877052307],0,Male,72,Greater than 45,Caucasian,4,3,6,0,M,PerturbTC62
[0.09753838181495667],0,[0.09686794877052307],0,Female,72,Greater than 45,Caucasian,4,3,6,0,M,PerturbTC62
[0.11543625593185425],0,[0.09686794877052307],0,Male,72,Greater than 45,Hispanic,4,3,6,0,M,PerturbTC62
[0.10455167293548584],0,[0.09686794877052307],0,Female,72,Greater than 45,Hispanic,4,3,6,0,M,PerturbTC62
[0.10160061717033386],0,[0.09686794877052307],0,Male,72,Greater than 45,Native American,4,3,6,0,M,PerturbTC62
[0.09188500046730042],0,[0.09686794877052307],0,Female,72,Greater than 45,Native American,4,3,6,0,M,PerturbTC62
[0.09845685958862305],0,[0.09686794877052307],0,Male,72,Greater than 45,Asian,4,3,6,0,M,PerturbTC62
[0.08901220560073853],0,[0.09686794877052307],0,Female,72,Greater than 45,Asian,4,3,6,0,M,PerturbTC62
[0.5826771259307861],1,[0.6181424260139465],1,Male,72,Greater than 45,Other,1,3,7,6,M,PerturbTC63
[0.5553981065750122],1,[0.6181424260139465],1,Female,72,Greater than 45,Other,1,3,7,6,M,PerturbTC63
[0.6181424856185913],1,[0.6181424260139465],1,Male,72,Greater than 45,African-American,1,3,7,6,M,OrigionalTC63
[0.5915566086769104],1,[0.6181424260139465],1,Female,72,Greater than 45,African-American,1,3,7,6,M,PerturbTC63
[0.6199440360069275],1,[0.6181424260139465],1,Male,72,Greater than 45,Caucasian,1,3,7,6,M,PerturbTC63
[0.5934011340141296],1,[0.6181424260139465],1,Female,72,Greater than 45,Caucasian,1,3,7,6,M,PerturbTC63
[0.6379661560058594],1,[0.6181424260139465],1,Male,72,Greater than 45,Hispanic,1,3,7,6,M,PerturbTC63
[0.611893892288208],1,[0.6181424260139465],1,Female,72,Greater than 45,Hispanic,1,3,7,6,M,PerturbTC63
[0.6042865514755249],1,[0.6181424260139465],1,Male,72,Greater than 45,Native American,1,3,7,6,M,PerturbTC63
[0.5773955583572388],1,[0.6181424260139465],1,Female,72,Greater than 45,Native American,1,3,7,6,M,PerturbTC63
[0.5959058403968811],1,[0.6181424260139465],1,Male,72,Greater than 45,Asian,1,3,7,6,M,PerturbTC63
[0.5688516497612],1,[0.6181424260139465],1,Female,72,Greater than 45,Asian,1,3,7,6,M,PerturbTC63
